DisplayID;DisplayHole;DisplayDiagonal;Resolution;DisplayType;DisplayColorDepth;DisplayIllumination;DisplayRefreshRate
1001;1-hole;160 mm;1080x2424;Color AM-OLED display;24 bit/pixel;Self-illuminating;120 Hz
1002;1-hole;155 mm;1080x2400;Color AM-OLED display;24 bit/pixel;Self-illuminating;120 Hz
1003;;327.66 mm;2732x2048;Color IPS TFT LCD display;30 bit/pixel;LED;
1004;;275.84 mm;2360x1640;Color IPS TFT LCD display;30 bit/pixel;LED;
1005;;276.9 mm;1640x2360;Color IPS TFT LCD display;24 bit/pixel;LED;60 Hz
1006;;171.3 mm;720x1600;Color PLS TFT LCD display;24 bit/pixel;LED;90 Hz
1007;;171.3 mm;720x1600;Color PLS TFT LCD display;24 bit/pixel;LED;60 Hz
1008;;154 mm;1170x2532;Color AM-OLED display;30 bit/pixel;Self-illuminating;60 Hz
1009;;169.1 mm;1080x2340;Color AM-OLED display;24 bit/pixel;Self-illuminating;90 Hz
1010;1-hole;170.1 mm;1080x2340;Color AM-OLED display;24 bit/pixel;Self-illuminating;120 Hz
1011;;169.1 mm;1080x2340;Color AM-OLED display;24 bit/pixel;Self-illuminating;120 Hz
1012;1-hole;170.7 mm;1080x2400;Color IPS TFT LCD display;24 bit/pixel;LED;120 Hz
1013;1-hole;164.85 mm;1080x2400;Color IPS TFT LCD display;24 bit/pixel;LED;120 Hz
1014;1-hole;161.54 mm;1200x2670;Color AM-OLED display;30 bit/pixel;Self-illuminating;120 Hz
1015;1-hole;169.4 mm;1220x2712;Color AM-OLED display;30 bit/pixel;Self-illuminating;144 Hz
1016;1-hole;169.4 mm;1080x2400;Color AM-OLED display;30 bit/pixel;Self-illuminating;144 Hz
1017;1-hole;169.4 mm;1220x2712;Color AM-OLED display;30 bit/pixel;Self-illuminating;120 Hz
1018;1-hole;169.4 mm;1080x2400;Color AM-OLED display;30 bit/pixel;Self-illuminating;120 Hz
1019;1-hole;165 mm;1080x2400;Color IPS TFT LCD display;24 bit/pixel;LED;120 Hz
1020;1-hole;166.37 mm;1080x2400;Color AM-OLED display;30 bit/pixel;Self-illuminating;120 Hz
1021;1-hole;165.1 mm;720x1600;Color IPS TFT LCD display;24 bit/pixel;LED;120 Hz
1022;1-hole;170.7 mm;1080x2400;Color IPS TFT LCD display;24 bit/pixel;LED;60 Hz
1023;1-hole;162.9 mm;1080x2340;Color AM-OLED display;24 bit/pixel;Self-illuminating;120 Hz
1024;;167.2 mm;1080x2408;Color IPS TFT LCD display;24 bit/pixel;LED;90 Hz
1025;1-hole;169.4 mm;720x1612;Color IPS TFT LCD display;24 bit/pixel;LED;90 Hz
1026;1-hole;166.62 mm;720x1612;Color IPS TFT LCD display;24 bit/pixel;LED;90 Hz
1027;;284 mm;1536x2560;Color AM-OLED display;24 bit/pixel;Self-illuminating;120 Hz
1028;;279 mm;1920x1200;Color IPS TFT LCD display;24 bit/pixel;LED;90 Hz
1029;;292 mm;2000x1200;Color IPS TFT LCD display;24 bit/pixel;LED;
1030;1-hole;170 mm;1084x2412;Color AM-OLED display;30 bit/pixel;Self-illuminating;120 Hz
1031;1-hole;172 mm;1080x2392;Color AM-OLED display;30 bit/pixel;Self-illuminating;120 Hz
1032;1-hole;172.2 mm;1080x2400;Color AM-OLED display;30 bit/pixel;Self-illuminating;185 Hz
1033;1-hole;172.2 mm;1080x2400;Color AM-OLED display;30 bit/pixel;Self-illuminating;144 Hz
1034;;315 mm;2800x1752;Color AM-OLED display;24 bit/pixel;Self-illuminating;120 Hz
1035;;369.9 mm;2960x1848;Color AM-OLED display;24 bit/pixel;Self-illuminating;120 Hz
1036;;307.3 mm;2120x3000;Color IPS TFT LCD display;30 bit/pixel;LED;144 Hz
1037;;294.89 mm;2800x2000;Color IPS TFT LCD display;30 bit/pixel;LED;144 Hz
1038;;38.1 mm;466x466;Color AM-OLED display;24 bit/pixel;Self-illuminating;
1039;;36.3 mm;466x466;Color AM-OLED display;24 bit/pixel;Self-illuminating;
1040;;35.3 mm;454x454;Color AM-OLED display;24 bit/pixel;Self-illuminating;
1041;;171.3 mm;720x1600;Color IPS TFT LCD display;24 bit/pixel;LED;60 Hz
1042;1-hole;156.4 mm;1080x2340;Color AM-OLED display;24 bit/pixel;Self-illuminating;120 Hz
1043;1-hole;169.1 mm;1440x3120;Color AM-OLED display;24 bit/pixel;Self-illuminating;120 Hz
1044;1-hole;174.2 mm;1440x3120;Color AM-OLED display;24 bit/pixel;Self-illuminating;120 Hz
1045;1-hole;169.4 mm;1080x2400;Color AM-OLED display;24 bit/pixel;Self-illuminating;120 Hz
1046;1-hole;170.2 mm;1080x2412;Color AM-OLED display;30 bit/pixel;Self-illuminating;120 Hz
1047;;36 mm;456x456;Color AM-OLED display;24 bit/pixel;Self-illuminating;60 Hz
1048;;32 mm;408x408;Color AM-OLED display;24 bit/pixel;Self-illuminating;60 Hz
1049;;30.5 mm;450x450;Color AM-OLED display;24 bit/pixel;Self-illuminating;
1050;1-hole;167.4 mm;1256x2760;Color AM-OLED display;30 bit/pixel;Self-illuminating;120 Hz
1051;1-hole;172.2 mm;1264x2780;Color AM-OLED display;30 bit/pixel;Self-illuminating;120 Hz
1052;;37.3 mm;480x480;Color AM-OLED display;24 bit/pixel;Self-illuminating;60 Hz
1053;;33.3 mm;432x432;Color AM-OLED display;24 bit/pixel;Self-illuminating;60 Hz
1054;;30.4 mm;396x396;Color AM-OLED display;24 bit/pixel;Self-illuminating;
1055;;34.6 mm;450x450;Color AM-OLED display;24 bit/pixel;Self-illuminating;
1056;;30.2 mm;360x360;Color AM-OLED display;24 bit/pixel;Self-illuminating;
1057;;34.5 mm;360x360;Color AM-OLED display;24 bit/pixel;Self-illuminating;
1058;1-hole;169.42 mm;1440x3200;Color AM-OLED display;30 bit/pixel;Self-illuminating;120 Hz
1059;1-hole;169.41 mm;1080x2400;Color AM-OLED display;30 bit/pixel;Self-illuminating;120 Hz
1060;;174.75 mm;720x1640;Color IPS TFT LCD display;24 bit/pixel;LED;120 Hz
1061;1-hole;169.41 mm;1220x2712;Color AM-OLED display;30 bit/pixel;Self-illuminating;120 Hz
1062;;174.7 mm;720x1640;Color IPS TFT LCD display;24 bit/pixel;LED;120 Hz
1063;;170.4 mm;720x1650;Color IPS TFT LCD display;24 bit/pixel;LED;90 Hz
1064;;165.6 mm;720x1600;Color IPS TFT LCD display;24 bit/pixel;LED;60 Hz
1065;1-hole;169.41 mm;1080x2400;Color AM-OLED display;24 bit/pixel;Self-illuminating;120 Hz
1066;1-hole;169.41 mm;1220x2712;Color AM-OLED display;30 bit/pixel;Self-illuminating;144 Hz
1067;1-hole;166.37 mm;1236x2750;Color AM-OLED display;30 bit/pixel;Self-illuminating;120 Hz
1068;1-hole;166.62 mm;1080x2520;Color AM-OLED display;30 bit/pixel;Self-illuminating;120 Hz
1069;1-hole;174.24 mm;1224x2912;Color AM-OLED display;30 bit/pixel;Self-illuminating;120 Hz
1070;;155 mm;720x1560;Color IPS TFT LCD display;24 bit/pixel;LED;
1071;1-hole;169.4 mm;720x1604;Color IPS TFT LCD display;24 bit/pixel;LED;120 Hz
1072;;288.5 mm;2408x1720;Color IPS TFT LCD display;30 bit/pixel;LED;90 Hz
1073;;166.6 mm;720x1612;Color IPS TFT LCD display;24 bit/pixel;LED;90 Hz
1074;;166.62 mm;720x1612;Color IPS TFT LCD display;24 bit/pixel;LED;90 Hz
1075;1-hole;169.6 mm;720x1608;Color IPS TFT LCD display;24 bit/pixel;LED;120 Hz
1076;1-hole;160.27 mm;1216x2640;Color AM-OLED display;30 bit/pixel;Self-illuminating;120 Hz
1077;1-hole;169.4 mm;1260x2800;Color AM-OLED display;30 bit/pixel;Self-illuminating;120 Hz
1078;1-hole;172.2 mm;1260x2800;Color AM-OLED display;30 bit/pixel;Self-illuminating;120 Hz
1079;;45.3 mm;374x446;Color AM-OLED display;24 bit/pixel;Self-illuminating;60 Hz
1080;;50.5 mm;416x496;Color AM-OLED display;24 bit/pixel;Self-illuminating;60 Hz
1081;;48.74 mm;410x502;Color AM-OLED display;24 bit/pixel;Self-illuminating;60 Hz
1082;;42.3 mm;352x430;Color AM-OLED display;24 bit/pixel;Self-illuminating;60 Hz
1083;;48.3 mm;396x484;Color AM-OLED display;24 bit/pixel;Self-illuminating;60 Hz
1084;1-hole;170.3 mm;1080x2640;Color AM-OLED display;24 bit/pixel;Self-illuminating;120 Hz
1085;;164.8 mm;1080x2520;Color AM-OLED display;24 bit/pixel;Self-illuminating;120 Hz
1086;1-hole;175.3 mm;1080x2640;Color AM-OLED display;30 bit/pixel;Self-illuminating;165 Hz
1087;1-hole;175.3 mm;1080x2640;Color AM-OLED display;30 bit/pixel;Self-illuminating;120 Hz
1088;1-hole;161 mm;1280x2856;Color AM-OLED display;24 bit/pixel;Self-illuminating;120 Hz
1089;1-hole;171 mm;1344x2992;Color AM-OLED display;24 bit/pixel;Self-illuminating;120 Hz
1090;;256.5 mm;1920x1200;Color IPS TFT LCD display;24 bit/pixel;LED;
1091;;147.32 mm;720x1560;Color IPS TFT LCD display;24 bit/pixel;LED;
1092;;210 mm;1488x2266;Color IPS TFT LCD display;24 bit/pixel;LED;60 Hz
1093;1-hole;155 mm;1080x2340;Color AM-OLED display;24 bit/pixel;Self-illuminating;240 Hz
1094;1-hole;170 mm;1290x2796;Color AM-OLED display;30 bit/pixel;Self-illuminating;60 Hz
1095;1-hole;169.93 mm;1290x2796;Color AM-OLED display;30 bit/pixel;Self-illuminating;60 Hz
1096;1-hole;155.45 mm;1179x2556;Color AM-OLED display;30 bit/pixel;Self-illuminating;60 Hz
1097;1-hole;159.26 mm;1206x2622;Color AM-OLED display;30 bit/pixel;Self-illuminating;120 Hz
1098;1-hole;174.25 mm;1320x2868;Color AM-OLED display;30 bit/pixel;Self-illuminating;120 Hz
1099;1-hole;259 mm;3184x2232;Color AM-OLED display;30 bit/pixel;Self-illuminating;120 Hz
1100;1-hole;176.3 mm;1136x2690;Color AM-OLED display;30 bit/pixel;Self-illuminating;120 Hz
1101;1-hole;170.18 mm;1084x2412;Color AM-OLED display;30 bit/pixel;Self-illuminating;120 Hz
1102;1-hole;169.4 mm;1080x2400;Color AM-OLED display;30 bit/pixel;Self-illuminating;90 Hz
1103;2-hole;171.7 mm;1224x2776;Color AM-OLED display;30 bit/pixel;Self-illuminating;120 Hz
1104;;278.1 mm;1920x1200;Color IPS TFT LCD display;24 bit/pixel;LED;60 Hz
1105;;278.14 mm;1920x1200;Color IPS TFT LCD display;24 bit/pixel;LED;120 Hz
1106;;278.14 mm;1920x1200;Color IPS TFT LCD display;24 bit/pixel;LED;
1107;;278.14 mm;1920x1200;Color IPS TFT LCD display;24 bit/pixel;LED;60 Hz
1108;;335 mm;2880x1920;Color AM-OLED display;30 bit/pixel;Self-illuminating;144 Hz
1109;;292 mm;2800x1840;Color IPS TFT LCD display;24 bit/pixel;LED;144 Hz
1110;;310 mm;2800x1840;Color AM-OLED display;30 bit/pixel;Self-illuminating;144 Hz
1111;1-hole;320 mm;2560x1600;Color AM-OLED display;24 bit/pixel;Self-illuminating;
1112;;292 mm;2200x1440;Color IPS TFT LCD display;24 bit/pixel;LED;120 Hz
1113;;264.16 mm;2000x1200;Color IPS TFT LCD display;24 bit/pixel;LED;
1114;1-hole;167 mm;1256x2760;Color AM-OLED display;30 bit/pixel;Self-illuminating;120 Hz
1115;1-hole;165.1 mm;1080x2376;Color AM-OLED display;24 bit/pixel;Self-illuminating;90 Hz
1116;1-hole;171.7 mm;1344x2772;Color AM-OLED display;24 bit/pixel;Self-illuminating;90 Hz
1117;;304 mm;2800x1840;Color IPS TFT LCD display;24 bit/pixel;LED;144 Hz
1118;1-hole;172.7 mm;1266x2844;Color AM-OLED display;30 bit/pixel;Self-illuminating;120 Hz
1119;1-hole;165 mm;1080x2340;Color AM-OLED display;30 bit/pixel;Self-illuminating;240 Hz
1120;;158.9 mm;968x2376;Color AM-OLED display;24 bit/pixel;Self-illuminating;120 Hz
1121;;155 mm;720x1560;Color IPS TFT LCD display;24 bit/pixel;LED;60 Hz
1122;1-hole;168 mm;1080x2412;Color IPS TFT LCD display;24 bit/pixel;LED;120 Hz
1123;1-hole;172.2 mm;1080x2460;Color IPS TFT LCD display;24 bit/pixel;LED;120 Hz
1124;1-hole;167 mm;1080x2400;Color AM-OLED display;24 bit/pixel;Self-illuminating;144 Hz
1125;1-hole;172.7 mm;1080x2436;Color AM-OLED display;24 bit/pixel;Self-illuminating;120 Hz
1126;1-hole;172.2 mm;1080x2460;Color IPS TFT LCD display;24 bit/pixel;LED;
1127;;167 mm;720x1600;Color IPS TFT LCD display;24 bit/pixel;LED;90 Hz
1128;1-hole;172.2 mm;1080x2460;Color IPS TFT LCD display;24 bit/pixel;LED;90 Hz
1129;;307 mm;2560x1600;Color IPS TFT LCD display;30 bit/pixel;Yes;120 Hz
1130;1-hole;175.26 mm;1188x2790;Color AM-OLED display;30 bit/pixel;Self-illuminating;120 Hz
1131;1-hole;154.7 mm;720x1560;Color IPS TFT LCD display;24 bit/pixel;LED;60 Hz
1132;1-hole;165.6 mm;720x1612;Color IPS TFT LCD display;24 bit/pixel;LED;120 Hz
1133;;155 mm;1080x2520;Color AM-OLED display;24 bit/pixel;Self-illuminating;60 Hz
1134;;149 mm;480x240;Monochrome STN LCD display;2 bit/pixel;ELP;
1135;;165 mm;1080x2340;Color AM-OLED display;24 bit/pixel;Self-illuminating;120 Hz
1136;;143.5 mm;1080x2160;Color IPS TFT LCD display;24 bit/pixel;Yes;
1137;;152.14 mm;720x1440;Color IPS TFT LCD display;24 bit/pixel;LED;
1138;1-hole;167 mm;1080x2408;Color AM-OLED display;24 bit/pixel;Self-illuminating;
1139;1-hole;175.2 mm;1188x2790;Color AM-OLED display;30 bit/pixel;Self-illuminating;120 Hz
1140;1-hole;165 mm;1080x2340;Color IPS TFT LCD display;24 bit/pixel;Yes;
1141;1-hole;166.37 mm;1080x2400;Color AM-OLED display;30 bit/pixel;Self-illuminating;144 Hz
1142;;167 mm;720x1612;Color IPS TFT LCD display;24 bit/pixel;LED;90 Hz
1143;;330 mm;2752x2064;Color AM-OLED display;30 bit/pixel;Self-illuminating;120 Hz
1144;;282 mm;2420x1668;Color AM-OLED display;30 bit/pixel;Self-illuminating;120 Hz
1145;1-hole;166.9 mm;1080x2340;Color AM-OLED display;30 bit/pixel;Self-illuminating;120 Hz
1146;2-hole;170.7 mm;1236x2676;Color AM-OLED display;30 bit/pixel;Self-illuminating;120 Hz
1147;;167 mm;1080x2408;Color IPS TFT LCD display;24 bit/pixel;LED;90 Hz
1148;1-hole;167 mm;1260x2730;Color AM-OLED display;30 bit/pixel;Self-illuminating;
1149;1-hole;173.6 mm;1264x2780;Color AM-OLED display;30 bit/pixel;Self-illuminating;120 Hz
1150;1-hole;171.2 mm;1240x2772;Color AM-OLED display;30 bit/pixel;Self-illuminating;120 Hz
1151;1-hole;173 mm;1440x3200;Color AM-OLED display;24 bit/pixel;Self-illuminating;120 Hz
1152;;171.2 mm;720x1600;Color IPS TFT LCD display;24 bit/pixel;LED;90 Hz
1153;;172.46 mm;1080x2460;Color IPS TFT LCD display;24 bit/pixel;LED;90 Hz
1154;;171.45 mm;720x1600;Color IPS TFT LCD display;24 bit/pixel;LED;
1155;1-hole;170 mm;1080x2388;Color IPS TFT LCD display;24 bit/pixel;LED;90 Hz
1156;1-hole;279 mm;2560x1600;Color AM-OLED display;30 bit/pixel;Self-illuminating;120 Hz
1157;;279 mm;2560x1600;Color AM-OLED display;30 bit/pixel;Self-illuminating;120 Hz
1158;;155 mm;1080x2432;Color AM-OLED display;24 bit/pixel;Self-illuminating;90 Hz
1159;1-hole;264.16 mm;2000x1200;Color IPS TFT LCD display;24 bit/pixel;LED;
1160;;278.13 mm;2560x1600;Color IPS TFT LCD display;24 bit/pixel;LED;120 Hz
1161;;144.78 mm;720x1520;Color IPS TFT LCD display;24 bit/pixel;LED;
1162;;256 mm;1920x1200;Color IPS TFT LCD display;24 bit/pixel;Yes;
1163;1-hole;172.2 mm;1260x2800;Color AM-OLED display;30 bit/pixel;Self-illuminating;144 Hz
1164;1-hole;172.2 mm;1440x3200;Color AM-OLED display;30 bit/pixel;Self-illuminating;144 Hz
1165;1-hole;166.37 mm;1080x2340;Color AM-OLED display;24 bit/pixel;Self-illuminating;120 Hz
1166;1-hole;173.2 mm;1440x3168;Color AM-OLED display;30 bit/pixel;Self-illuminating;120 Hz
1167;1-hole;169.4 mm;720x1604;Color IPS TFT LCD display;24 bit/pixel;LED;90 Hz
1168;1-hole;167 mm;1080x2400;Color AM-OLED display;24 bit/pixel;Self-illuminating;
1169;1-hole;171.3 mm;1240x2772;Color AM-OLED display;30 bit/pixel;Self-illuminating;120 Hz
1170;1-hole;172.46 mm;1368x3192;Color AM-OLED display;30 bit/pixel;Self-illuminating;120 Hz
1171;;167 mm;1080x2408;Color IPS TFT LCD display;24 bit/pixel;LED;
1172;1-hole;172.2 mm;1080x2400;Color AM-OLED display;30 bit/pixel;Self-illuminating;165 Hz
1173;;269.24 mm;2000x1200;Color IPS TFT LCD display;24 bit/pixel;LED;
1174;1-hole;170.94 mm;1440x3200;Color AM-OLED display;30 bit/pixel;Self-illuminating;120 Hz
1175;1-hole;166.62 mm;1080x2520;Color AM-OLED display;24 bit/pixel;Self-illuminating;120 Hz
1176;;155 mm;1080x2432;Color AM-OLED display;30 bit/pixel;Self-illuminating;90 Hz
1177;1-hole;172.5 mm;1080x2460;Color IPS TFT LCD display;24 bit/pixel;LED;90 Hz
1178;1-hole;169.5 mm;1080x2400;Color AM-OLED display;24 bit/pixel;Self-illuminating;120 Hz
1179;1-hole;162 mm;1080x2504;Color AM-OLED display;30 bit/pixel;Self-illuminating;120 Hz
1180;3-hole;173.2 mm;1260x2720;Color AM-OLED display;30 bit/pixel;Self-illuminating;120 Hz
1181;1-hole;169.9 mm;1216x2688;Color AM-OLED display;30 bit/pixel;Self-illuminating;120 Hz
1182;1-hole;160.27 mm;1116x2484;Color AM-OLED display;30 bit/pixel;Self-illuminating;120 Hz
1183;;155 mm;1080x2520;Color AM-OLED display;30 bit/pixel;Self-illuminating;120 Hz
1184;1-hole;172.7 mm;1080x2520;Color AM-OLED display;30 bit/pixel;Self-illuminating;120 Hz
1185;;164.8 mm;720x1560;Color IPS TFT LCD display;24 bit/pixel;Yes;
1186;1-hole;171.2 mm;720x1600;Color IPS TFT LCD display;24 bit/pixel;LED;
1187;;171.32 mm;720x1600;Color IPS TFT LCD display;24 bit/pixel;LED;90 Hz
1188;;160 mm;480x1014;Color IPS TFT LCD display;24 bit/pixel;LED;
1189;;152 mm;480x960;Color IPS TFT LCD display;24 bit/pixel;LED;
1190;1-hole;172.5 mm;1440x3120;Color AM-OLED display;24 bit/pixel;Self-illuminating;120 Hz
1191;1-hole;157 mm;1080x2400;Color AM-OLED display;24 bit/pixel;Self-illuminating;120 Hz
1192;1-hole;170 mm;1344x2992;Color AM-OLED display;24 bit/pixel;Self-illuminating;120 Hz
1193;;167.2 mm;1080x2408;Color PLS TFT LCD display;24 bit/pixel;LED;60 Hz
1194;;203.1 mm;1200x1920;Color PLS TFT LCD display;24 bit/pixel;LED;120 Hz
1195;;220.5 mm;1340x800;Color PLS TFT LCD display;24 bit/pixel;LED;60 Hz
1196;;278.2 mm;1920x1200;Color PLS TFT LCD display;24 bit/pixel;LED;90 Hz
1197;1-hole;168.3 mm;1080x2340;Color AM-OLED display;24 bit/pixel;Self-illuminating;120 Hz
1198;;315 mm;2560x1600;Color IPS TFT LCD display;24 bit/pixel;LED;90 Hz
1199;;277 mm;2304x1440;Color IPS TFT LCD display;24 bit/pixel;LED;90 Hz
1200;1-hole;167.6 mm;1080x2340;Color AM-OLED display;24 bit/pixel;Self-illuminating;120 Hz
1201;;278.1 mm;2560x1600;Color AM-OLED display;24 bit/pixel;Self-illuminating;120 Hz
1202;;314.96 mm;2800x1752;Color AM-OLED display;24 bit/pixel;Self-illuminating;120 Hz
1203;;171.32 mm;1080x2400;Color IPS TFT LCD display;24 bit/pixel;LED;90 Hz
1204;;163.9 mm;1080x2340;Color AM-OLED display;24 bit/pixel;Self-illuminating;90 Hz
1205;;165.5 mm;720x1600;Color PLS TFT LCD display;24 bit/pixel;LED;90 Hz
1206;;162.1 mm;1080x2400;Color AM-OLED display;24 bit/pixel;Self-illuminating;90 Hz
1207;;164.2 mm;1080x2340;Color AM-OLED display;24 bit/pixel;Self-illuminating;120 Hz
1208;;313.69 mm;2560x1600;Color IPS TFT LCD display;24 bit/pixel;LED with DLB;120 Hz
1209;;170.8 mm;1080x2400;Color PLS TFT LCD display;24 bit/pixel;LED;90 Hz
1210;;172.7 mm;1116x2480;Color AM-OLED display;30 bit/pixel;Self-illuminating;120 Hz
1211;1-hole;165.6 mm;720x1600;Color IPS TFT LCD display;24 bit/pixel;LED;90 Hz
1212;;61 mm;240x320;Color TN-TFT LCD display;18 bit/pixel;Yes;
1213;;171.3 mm;720x1600;Color PLS TFT LCD display;24 bit/pixel;LED;
1214;;166.6 mm;1080x2388;Color IPS TFT LCD display;24 bit/pixel;LED;60 Hz
1215;1-hole;168.6 mm;1080x2388;Color IPS TFT LCD display;24 bit/pixel;LED;120 Hz
1216;1-hole;166.6 mm;1080x2388;Color IPS TFT LCD display;24 bit/pixel;LED;60 Hz
1217;1-hole;170.6 mm;1080x2400;Color IPS TFT LCD display;24 bit/pixel;LED;90 Hz
1218;;166.6 mm;720x1612;Color IPS TFT LCD display;24 bit/pixel;LED;60 Hz
1219;1-hole;163.1 mm;1080x2340;Color AM-OLED display;24 bit/pixel;Self-illuminating;120 Hz
1220;;292 mm;2000x1200;Color IPS TFT LCD display;24 bit/pixel;LED;120 Hz
1221;;162 mm;1080x2400;Color AM-OLED display;24 bit/pixel;Self-illuminating;90 Hz
1222;;368.3 mm;3000x1876;Color AM-OLED display;24 bit/pixel;LED;120 Hz
1223;1-hole;172.2 mm;1080x2400;Color AM-OLED display;24 bit/pixel;LED;120 Hz
1224;1-hole;172.2 mm;2160x2800;Color AM-OLED display;30 bit/pixel;Self-illuminating;120 Hz
1225;;307.3 mm;2560x1600;Color AM-OLED display;30 bit/pixel;Self-illuminating;120 Hz
1226;1-hole;172.2 mm;1080x2400;Color AM-OLED display;30 bit/pixel;Self-illuminating;120 Hz
1227;1-hole;170.7 mm;1080x2400;Color IPS TFT LCD display;24 bit/pixel;LED;90 Hz
1228;1-hole;163.3 mm;1080x2400;Color AM-OLED display;24 bit/pixel;Self-illuminating;90 Hz
1229;1-hole;170 mm;1080x2412;Color AM-OLED display;30 bit/pixel;Self-illuminating;120 Hz
1230;1-hole;170 mm;1080x2400;Color AM-OLED display;24 bit/pixel;Self-illuminating;120 Hz
1231;;136.6 mm;1080x2160;Color AM-OLED display;24 bit/pixel;Self-illuminating;60 Hz
1232;;138.5 mm;1080x2160;Color IPS TFT LCD display;24 bit/pixel;Yes;
1233;1-hole;150.37 mm;1080x2400;Color AM-OLED display;30 bit/pixel;Self-illuminating;144 Hz
1234;;157.3 mm;904x2316;Color AM-OLED display;24 bit/pixel;Self-illuminating;120 Hz
1235;;171.45 mm;720x1600;Color IPS TFT LCD display;24 bit/pixel;Yes;90 Hz
1236;;147.32 mm;1080x2280;Color ASV TFT LCD display;30 bit/pixel;LED;120 Hz
1237;;155 mm;1080x2432;Color AM-OLED display;30 bit/pixel;Self-illuminating;120 Hz
1238;;162 mm;1080x2340;Color AM-OLED display;30 bit/pixel;Self-illuminating;120 Hz
1239;;355 mm;2880x1800;Color IPS TFT LCD display;30 bit/pixel;Yes;120 Hz
1240;;278.6 mm;2880x1800;Color IPS TFT LCD display;30 bit/pixel;Yes;144 Hz
1241;;145 mm;720x1520;Color IPS TFT LCD display;24 bit/pixel;LED;
1242;1-hole;167 mm;1260x2730;Color AM-OLED display;30 bit/pixel;Self-illuminating;240 Hz
1243;;162 mm;1080x2340;Color AM-OLED display;30 bit/pixel;Self-illuminating;240 Hz
1244;;167 mm;1260x2730;Color AM-OLED display;30 bit/pixel;Self-illuminating;240 Hz
1245;1-hole;171.2 mm;1240x2772;Color AM-OLED display;30 bit/pixel;Self-illuminating;144 Hz
1246;1-hole;155.4 mm;1179x2556;Color AM-OLED display;30 bit/pixel;Self-illuminating;60 Hz
1247;1-hole;169.9 mm;1290x2796;Color AM-OLED display;30 bit/pixel;Self-illuminating;60 Hz
1248;1-hole;172.7 mm;1080x2460;Color IPS TFT LCD display;24 bit/pixel;LED;120 Hz
1249;1-hole;155.5 mm;1179x2556;Color AM-OLED display;30 bit/pixel;Self-illuminating;120 Hz
1250;1-hole;169.9 mm;1290x2796;Color AM-OLED display;30 bit/pixel;Self-illuminating;120 Hz
1251;1-hole;171.2 mm;1080x2520;Color AM-OLED display;30 bit/pixel;Self-illuminating;120 Hz
1252;1-hole;165.86 mm;1080x2520;Color AM-OLED display;24 bit/pixel;Self-illuminating;120 Hz
1253;1-hole;166.6 mm;1080x2520;Color AM-OLED display;30 bit/pixel;Self-illuminating;120 Hz
1254;;279.4 mm;1920x1200;Color IPS TFT LCD display;24 bit/pixel;Yes;90 Hz
1255;;269.5 mm;1200x2000;Color IPS TFT LCD display;30 bit/pixel;LED;90 Hz
1256;1-hole;162 mm;1080x2400;Color AM-OLED display;24 bit/pixel;Self-illuminating;90 Hz
1257;1-hole;170.6 mm;1080x2400;Color IPS TFT LCD display;24 bit/pixel;LED;120 Hz
1258;;164.2 mm;1080x2340;Color AM-OLED display;24 bit/pixel;Self-illuminating;90 Hz
1259;1-hole;172.9 mm;1440x3200;Color AM-OLED display;30 bit/pixel;Self-illuminating;120 Hz
1260;1-hole;172.47 mm;1368x3192;Color AM-OLED display;30 bit/pixel;Self-illuminating;120 Hz
1261;;167.1 mm;1080x2408;Color IPS TFT LCD display;24 bit/pixel;LED;90 Hz
1262;1-hole;172.7 mm;1080x2388;Color IPS TFT LCD display;30 bit/pixel;LED;90 Hz
1263;;165.6 mm;720x1600;Color IPS TFT LCD display;24 bit/pixel;LED;90 Hz
1264;2-hole;172.2 mm;1200x2652;Color AM-OLED display;30 bit/pixel;Self-illuminating;120 Hz
1265;;176.53 mm;1080x2376;Color IPS TFT LCD display;24 bit/pixel;LED;90 Hz
1266;1-hole;169.42 mm;1080x2400;Color AM-OLED display;30 bit/pixel;Self-illuminating;120 Hz
1267;1-hole;170.94 mm;1224x2688;Color AM-OLED display;30 bit/pixel;Self-illuminating;120 Hz
1268;;165 mm;720x1600;Color IPS TFT LCD display;24 bit/pixel;LED;90 Hz
1269;1-hole;172.97 mm;1312x2848;Color AM-OLED display;30 bit/pixel;Self-illuminating;120 Hz
1270;1-hole;172.2 mm;1224x2400;Color AM-OLED display;30 bit/pixel;Self-illuminating;120 Hz
1271;1-hole;169.4 mm;1220x2700;Color AM-OLED display;30 bit/pixel;Self-illuminating;120 Hz
1272;1-hole;170.18 mm;1080x2388;Color IPS TFT LCD display;24 bit/pixel;LED;90 Hz
1273;1-hole;170.2 mm;1080x2412;Color AM-OLED display;24 bit/pixel;Self-illuminating;120 Hz
1274;;255.4 mm;1920x1200;Color IPS TFT LCD display;24 bit/pixel;LED;60 Hz
1275;;165.1 mm;720x1600;Color IPS TFT LCD display;24 bit/pixel;LED;
1276;;155 mm;1080x2400;Color IPS TFT LCD display;24 bit/pixel;LED;
1277;;167.1 mm;1080x2408;Color IPS TFT LCD display;24 bit/pixel;LED;120 Hz
1278;1-hole;169.42 mm;1080x2400;Color IPS TFT LCD display;24 bit/pixel;LED;60 Hz
1279;1-hole;170.2 mm;1080x2412;Color IPS TFT LCD display;30 bit/pixel;LED;120 Hz
1280;;167 mm;720x1612;Color IPS TFT LCD display;24 bit/pixel;Yes;60 Hz
1281;1-hole;175.26 mm;1080x2640;Color AM-OLED display;30 bit/pixel;Self-illuminating;144 Hz
1282;1-hole;165.1 mm;720x1600;Color IPS TFT LCD display;24 bit/pixel;LED;90 Hz
1283;;256 mm;1280x800;Color IPS TFT LCD display;24 bit/pixel;LED;60 Hz
1284;;203 mm;800x1280;Color IPS TFT LCD display;24 bit/pixel;LED;60 Hz
1285;1-hole;175.26 mm;1080x2640;Color AM-OLED display;30 bit/pixel;Self-illuminating;165 Hz
1286;1-hole;167.64 mm;1080x2400;Color IPS TFT LCD display;24 bit/pixel;LED;120 Hz
1287;1-hole;166.37 mm;1080x2400;Color AM-OLED display;24 bit/pixel;Self-illuminating;144 Hz
1288;1-hole;165 mm;720x1600;Color IPS TFT LCD display;24 bit/pixel;LED;120 Hz
1289;1-hole;168.15 mm;1080x2400;Color AM-OLED display;24 bit/pixel;Self-illuminating;120 Hz
1290;1-hole;172.2 mm;1080x2400;Color AM-OLED display;24 bit/pixel;Self-illuminating;120 Hz
1291;1-hole;169.4 mm;1080x2400;Color AM-OLED display;30 bit/pixel;Self-illuminating;165 Hz
1292;1-hole;169.42 mm;1080x2400;Color AM-OLED display;30 bit/pixel;Self-illuminating;144 Hz
1293;;167.1 mm;1080x2408;Color IPS TFT LCD display;24 bit/pixel;LED;
1294;1-hole;172.97 mm;1080x2388;Color IPS TFT LCD display;24 bit/pixel;LED;144 Hz
1295;1-hole;167.64 mm;1080x2400;Color AM-OLED display;30 bit/pixel;Self-illuminating;144 Hz
1296;;160 mm;720x1600;Color IPS TFT LCD display;24 bit/pixel;LED;
1297;;171.32 mm;720x1600;Color IPS TFT LCD display;24 bit/pixel;LED;
1298;;165.53 mm;720x1600;Color IPS TFT LCD display;24 bit/pixel;LED;
1299;;165.53 mm;720x1600;Color IPS TFT LCD display;24 bit/pixel;Yes;
1300;;165 mm;720x1600;Color IPS TFT LCD display;24 bit/pixel;LED;60 Hz
1301;1-hole;165 mm;1080x2400;Color IPS TFT LCD display;24 bit/pixel;LED;60 Hz
1302;1-hole;165 mm;720x1600;Color IPS TFT LCD display;24 bit/pixel;LED;90 Hz
1303;;167.6 mm;1080x2408;Color IPS TFT LCD display;24 bit/pixel;LED;90 Hz
1304;;167.2 mm;1080x2408;Color PLS TFT LCD display;24 bit/pixel;LED;90 Hz
1305;;139.7 mm;720x1440;Color IPS TFT LCD display;24 bit/pixel;LED;
1306;;152 mm;720x1440;Color IPS TFT LCD display;24 bit/pixel;Yes;
1307;;165 mm;720x1600;Color IPS TFT LCD display;24 bit/pixel;LED;
1308;2-hole;166.4 mm;1080x2400;Color AM-OLED display;24 bit/pixel;Self-illuminating;120 Hz
1309;1-hole;163.83 mm;1080x2560;Color AM-OLED display;30 bit/pixel;Self-illuminating;120 Hz
1310;;165.53 mm;720x1600;Color IPS TFT LCD display;24 bit/pixel;LED;60 Hz
1311;1-hole;167 mm;1080x2460;Color IPS TFT LCD display;30 bit/pixel;LED;144 Hz
1312;;172.72 mm;1116x2480;Color AM-OLED display;30 bit/pixel;Self-illuminating;120 Hz
1313;1-hole;140.7 mm;1080x2120;Color AM-OLED display;24 bit/pixel;Self-illuminating;120 Hz
1314;1-hole;169.4 mm;1440x3200;Color AM-OLED display;24 bit/pixel;Self-illuminating;120 Hz
1315;1-hole;169.42 mm;1080x2400;Color AM-OLED display;24 bit/pixel;Self-illuminating;120 Hz
1316;1-hole;170.2 mm;1440x3216;Color AM-OLED display;30 bit/pixel;Self-illuminating;120 Hz
1317;;167.1 mm;1080x2400;Color IPS TFT LCD display;24 bit/pixel;LED;120 Hz
1318;1-hole;163.3 mm;1080x2400;Color AM-OLED display;24 bit/pixel;LED;60 Hz
1319;;160 mm;720x1560;Color IPS TFT LCD display;24 bit/pixel;LED;
1320;;165.5 mm;720x1600;Color IPS TFT LCD display;24 bit/pixel;LED;
1321;;163.6 mm;1080x2404;Color AM-OLED display;24 bit/pixel;Self-illuminating;90 Hz
1322;1-hole;172.2 mm;1440x3200;Color AM-OLED display;30 bit/pixel;Self-illuminating;120 Hz
1323;;165.3 mm;1644x3840;Color AM-OLED display;24 bit/pixel;Self-illuminating;120 Hz
1324;;165.8 mm;720x1600;Color ASV TFT LCD display;24 bit/pixel;LED;60 Hz
1325;1-hole;169.4 mm;1080x2400;Color AM-OLED display;24 bit/pixel;Self-illuminating;
1326;;172.2 mm;1080x2448;Color AM-OLED display;30 bit/pixel;Self-illuminating;165 Hz
1327;;165.1 mm;720x1600;Color IPS TFT LCD display;24 bit/pixel;LED;60 Hz
1328;1-hole;158.5 mm;1080x2400;Color AM-OLED display;24 bit/pixel;Self-illuminating;120 Hz
1329;1-hole;170 mm;1224x2700;Color AM-OLED display;30 bit/pixel;Self-illuminating;90 Hz
1330;;171.2 mm;1212x2616;Color AM-OLED display;30 bit/pixel;Self-illuminating;120 Hz
1331;;278.13 mm;1600x2560;Color IPS TFT LCD display;24 bit/pixel;LED;
1332;1-hole;165.5 mm;720x1600;Color PLS TFT LCD display;24 bit/pixel;LED;
1333;;165.5 mm;720x1600;Color PLS TFT LCD display;24 bit/pixel;LED;
1334;;192.3 mm;2208x1840;Color AM-OLED display;24 bit/pixel;Self-illuminating;120 Hz
1335;1-hole;155 mm;1080x2400;Color AM-OLED display;24 bit/pixel;Self-illuminating;90 Hz
1336;;167.1 mm;1080x2408;Color IPS TFT LCD display;24 bit/pixel;LED;60 Hz
1337;;279.4 mm;2000x1200;Color IPS TFT LCD display;24 bit/pixel;LED;60 Hz
1338;;144 mm;720x1520;Color IPS TFT LCD display;24 bit/pixel;LED;
1339;;165.4 mm;720x1600;Color IPS TFT LCD display;24 bit/pixel;LED;60 Hz
1340;;167.2 mm;1080x2408;Color IPS TFT LCD display;24 bit/pixel;LED;
1341;;170 mm;1080x2400;Color AM-OLED display;24 bit/pixel;Self-illuminating;144 Hz
1342;;269.4 mm;2000x1200;Color IPS TFT LCD display;24 bit/pixel;LED;60 Hz
1343;;269.5 mm;2000x1200;Color IPS TFT LCD display;24 bit/pixel;LED;60 Hz
1344;;165.35 mm;720x1600;Color IPS TFT LCD display;24 bit/pixel;LED;60 Hz
1345;;256 mm;1920x1200;Color IPS TFT LCD display;24 bit/pixel;LED;
1346;;213 mm;1200x1920;Color IPS TFT LCD display;24 bit/pixel;LED;
1347;;172.7 mm;2400x1080;Color AM-OLED display;24 bit/pixel;Self-illuminating;144 Hz
1348;;256.54 mm;1200x1920;Color IPS TFT LCD display;24 bit/pixel;LED;
1349;;175.77 mm;1080x2460;Color AM-OLED display;30 bit/pixel;Self-illuminating;120 Hz
1350;1-hole;173.1 mm;1440x3088;Color AM-OLED display;24 bit/pixel;Self-illuminating;120 Hz
1351;1-hole;171.6 mm;1440x3040;Color AM-OLED display;24 bit/pixel;Self-illuminating;
1352;1-hole;160.5 mm;1080x2400;Color AM-OLED display;24 bit/pixel;Self-illuminating;90 Hz
1353;;152 mm;720x1440;Color TN-TFT LCD display;24 bit/pixel;Yes;
1354;;150.4 mm;1080x2400;Color AM-OLED display;30 bit/pixel;Self-illuminating;120 Hz
1355;;263.1 mm;2000x1200;Color IPS TFT LCD display;30 bit/pixel;LED;60 Hz
1356;1-hole;170 mm;1440x3120;Color AM-OLED display;24 bit/pixel;Self-illuminating;120 Hz
1357;;167 mm;1080x2408;Color PLS TFT LCD display;24 bit/pixel;LED;60 Hz
1358;;167.2 mm;1080x2408;Color PLS TFT LCD display;24 bit/pixel;LED;120 Hz
1359;1-hole;164 mm;1080x2400;Color AM-OLED display;24 bit/pixel;Self-illuminating;120 Hz
1360;1-hole;165.5 mm;720x1600;Color PLS TFT LCD display;24 bit/pixel;LED;60 Hz
1361;;165.3 mm;720x1600;Color IPS TFT LCD display;24 bit/pixel;LED;60 Hz
1362;;165.3 mm;720x1600;Color IPS TFT LCD display;24 bit/pixel;LED;
1363;;166.3 mm;720x1612;Color IPS TFT LCD display;24 bit/pixel;LED;60 Hz
1364;;166.5 mm;1080x2340;Color AM-OLED display;24 bit/pixel;Self-illuminating;120 Hz
1365;1-hole;153.9 mm;1080x2340;Color AM-OLED display;24 bit/pixel;Self-illuminating;120 Hz
1366;1-hole;166.5 mm;1080x2340;Color AM-OLED display;24 bit/pixel;Self-illuminating;120 Hz
1367;1-hole;167.4 mm;1080x2412;Color IPS TFT LCD display;24 bit/pixel;LED;120 Hz
1368;;170.4 mm;720x1650;Color IPS TFT LCD display;24 bit/pixel;LED;
1369;;170.4 mm;720x1650;Color IPS TFT LCD display;24 bit/pixel;LED;60 Hz
1370;1-hole;168.1 mm;1080x2400;Color AM-OLED display;30 bit/pixel;Self-illuminating;120 Hz
1371;1-hole;166.37 mm;1080x2400;Color AM-OLED display;24 bit/pixel;Self-illuminating;120 Hz
1372;1-hole;169.4 mm;1220x2712;Color AM-OLED display;24 bit/pixel;Self-illuminating;120 Hz
1373;1-hole;161.54 mm;1080x2400;Color AM-OLED display;24 bit/pixel;Self-illuminating;120 Hz
1374;;167.1 mm;1080x2048;Color IPS TFT LCD display;24 bit/pixel;LED;90 Hz
1375;;165.1 mm;1080x2400;Color IPS TFT LCD display;24 bit/pixel;LED;90 Hz
1376;1-hole;159.5 mm;1080x2400;Color AM-OLED display;24 bit/pixel;Self-illuminating;120 Hz
1377;1-hole;167.6 mm;1080x2400;Color IPS TFT LCD display;24 bit/pixel;LED;
1378;1-hole;169.5 mm;1080x2400;Color AM-OLED display;24 bit/pixel;LED;120 Hz
1379;;165.5 mm;720x1600;Color PLS TFT LCD display;24 bit/pixel;LED;60 Hz
1380;1-hole;172.2 mm;1200x2652;Color AM-OLED display;30 bit/pixel;Self-illuminating;120 Hz
1381;1-hole;166.4 mm;1080x2400;Color AM-OLED display;30 bit/pixel;Self-illuminating;120 Hz
1382;;165.1 mm;720x1600;Color IPS TFT LCD display;24 bit/pixel;LED;90 Hz
1383;1-hole;165.1 mm;1080x2400;Color IPS TFT LCD display;24 bit/pixel;LED;90 Hz
1384;1-hole;165.6 mm;720x1600;Color IPS TFT LCD display;24 bit/pixel;LED;60 Hz
1385;1-hole;173.23 mm;720x1640;Color IPS TFT LCD display;24 bit/pixel;LED;60 Hz
1386;1-hole;165 mm;1224x2700;Color AM-OLED display;30 bit/pixel;Self-illuminating;90 Hz
1387;1-hole;168.1 mm;1080x2400;Color AM-OLED display;24 bit/pixel;Self-illuminating;120 Hz
1388;1-hole;163 mm;1080x2400;Color AM-OLED display;24 bit/pixel;Self-illuminating;90 Hz
1389;1-hole;168.1 mm;1080x2400;Color AM-OLED display;30 bit/pixel;LED;120 Hz
1390;1-hole;167.6 mm;1080x2412;Color IPS TFT LCD display;24 bit/pixel;LED;120 Hz
1391;;165.6 mm;720x1600;Color IPS TFT LCD display;24 bit/pixel;LED;120 Hz
1392;;167.2 mm;1080x2408;Color IPS TFT LCD display;24 bit/pixel;LED;60 Hz
1393;;127 mm;480x960;Color TN-TFT LCD display;24 bit/pixel;Yes;
1394;1-hole;169.4 mm;1080x2400;Color AM-OLED display;30 bit/pixel;Self-illuminating;
1395;1-hole;165.8 mm;1080x2520;Color AM-OLED display;24 bit/pixel;Self-illuminating;120 Hz
1396;1-hole;177.8 mm;1440x3080;Color AM-OLED display;30 bit/pixel;Self-illuminating;120 Hz
1397;1-hole;172.4 mm;1116x2480;Color AM-OLED display;30 bit/pixel;Self-illuminating;120 Hz
1398;1-hole;169.41 mm;1080x2400;Color AM-OLED display;30 bit/pixel;Self-illuminating;144 Hz
1399;1-hole;169.41 mm;1080x2400;Color AM-OLED display;30 bit/pixel;Self-illuminating;
1400;;167.2 mm;1080x2408;Color IPS TFT LCD display;24 bit/pixel;LED;120 Hz
1401;1-hole;165 mm;1080x2400;Color IPS TFT LCD display;24 bit/pixel;LED;90 Hz
1402;1-hole;163.3 mm;1080x2400;Color AM-OLED display;24 bit/pixel;Self-illuminating;
1403;1-hole;167 mm;1080x2460;Color IPS TFT LCD display;24 bit/pixel;LED;144 Hz
1404;1-hole;167.3 mm;1080x2412;Color IPS TFT LCD display;24 bit/pixel;LED;120 Hz
1405;;154.6 mm;720x1560;Color IPS TFT LCD display;24 bit/pixel;Yes;
1406;;138.4 mm;720x1440;Color IPS TFT LCD display;24 bit/pixel;Yes;
1407;;165.5 mm;720x1600;Color IPS TFT LCD display;24 bit/pixel;LED;90 Hz
1408;1-hole;165.1 mm;1080x2400;Color IPS TFT LCD display;30 bit/pixel;LED;120 Hz
1409;1-hole;162.5 mm;1080x2400;Color AM-OLED display;24 bit/pixel;Self-illuminating;60 Hz
1410;1-hole;166.6 mm;1080x2376;Color AM-OLED display;24 bit/pixel;Self-illuminating;120 Hz
1411;;145 mm;480x960;Color IPS TFT LCD display;24 bit/pixel;Yes;
1412;;165.6 mm;720x1600;Color IPS TFT LCD display;24 bit/pixel;Yes;
1413;;163.5 mm;1080x2400;Color IPS TFT LCD display;24 bit/pixel;LED;90 Hz
1414;;163.5 mm;1080x2404;Color AM-OLED display;24 bit/pixel;Self-illuminating;90 Hz
1415;1-hole;166.6 mm;1080x2404;Color AM-OLED display;24 bit/pixel;Self-illuminating;90 Hz
1416;;165.5 mm;720x1600;Color IPS TFT LCD display;24 bit/pixel;LED;60 Hz
1417;;155 mm;1080x2432;Color AM-OLED display;30 bit/pixel;Self-illuminating;60 Hz
1418;1-hole;167.6 mm;1080x2400;Color AM-OLED display;30 bit/pixel;Self-illuminating;120 Hz
1419;;165.9 mm;720x1600;Color IPS TFT LCD display;24 bit/pixel;LED;60 Hz
1420;1-hole;167 mm;1080x2460;Color AM-OLED display;24 bit/pixel;LED;90 Hz
1421;;155 mm;1080x2520;Color AM-OLED display;24 bit/pixel;Self-illuminating;120 Hz
1422;;139.7 mm;720x1496;Color IPS TFT LCD display;24 bit/pixel;LED;60 Hz
1423;;279 mm;1668x2388;Color IPS TFT LCD display;30 bit/pixel;LED;120 Hz
1424;;328 mm;2048x2732;Color IPS TFT LCD display;30 bit/pixel;LED;120 Hz
1425;;147.3 mm;720x1560;Color PLS TFT LCD display;24 bit/pixel;LED;60 Hz
1426;;256.54 mm;1920x1200;Color IPS TFT LCD display;24 bit/pixel;LED;
1427;1-hole;165 mm;1176x2480;Color AM-OLED display;30 bit/pixel;Self-illuminating;120 Hz
1428;1-hole;163.3 mm;1080x2400;Color AM-OLED display;24 bit/pixel;LED;90 Hz
1429;;158.2 mm;832x2268;Color AM-OLED display;24 bit/pixel;Self-illuminating;120 Hz
1430;1-hole;166.3 mm;1080x2400;Color AM-OLED display;30 bit/pixel;Self-illuminating;144 Hz
1431;;39.9 mm;324x394;Color AM-OLED display;24 bit/pixel;Self-illuminating;60 Hz
1432;;45.2 mm;368x448;Color AM-OLED display;24 bit/pixel;Self-illuminating;60 Hz
1433;;38.94 mm;324x394;Color AM-OLED display;24 bit/pixel;Self-illuminating;60 Hz
1434;;153.9 mm;1170x2532;Color AM-OLED display;30 bit/pixel;Self-illuminating;60 Hz
1435;;169.7 mm;1284x2778;Color AM-OLED display;30 bit/pixel;Self-illuminating;60 Hz
1436;;167.6 mm;1080x2408;Color IPS TFT LCD display;24 bit/pixel;LED;60 Hz
1437;;169.4 mm;1080x2400;Color AM-OLED display;30 bit/pixel;Self-illuminating;144 Hz
1438;1-hole;169.4 mm;1080x2400;Color AM-OLED display;24 bit/pixel;Self-illuminating;144 Hz
1439;;279.4 mm;2560x1600;Color IPS TFT LCD display;24 bit/pixel;LED;60 Hz
1440;1-hole;169.41 mm;1440x3200;Color AM-OLED display;24 bit/pixel;Self-illuminating;120 Hz
1441;1-hole;168.1 mm;1080x2400;Color IPS TFT LCD display;24 bit/pixel;LED;144 Hz
1442;;142.2 mm;720x1480;Color AM-OLED display;24 bit/pixel;Self-illuminating;
1443;;167.6 mm;1080x2408;Color IPS TFT LCD display;24 bit/pixel;LED;120 Hz
1444;1-hole;167.3 mm;1080x2412;Color IPS TFT LCD display;24 bit/pixel;LED;90 Hz
1445;;172.72 mm;1080x2400;Color AM-OLED display;30 bit/pixel;Self-illuminating;165 Hz
1446;;172.72 mm;1080x2400;Color AM-OLED display;24 bit/pixel;Self-illuminating;120 Hz
1447;;144.8 mm;720x1520;Color IPS TFT LCD display;24 bit/pixel;LED;60 Hz
1448;1-hole;167 mm;1080x2412;Color IPS TFT LCD display;24 bit/pixel;LED;120 Hz
1449;1-hole;163 mm;1080x2400;Color IPS TFT LCD display;24 bit/pixel;LED;90 Hz
1450;;147.3 mm;1344x1892;Color AM-OLED display;24 bit/pixel;Self-illuminating;90 Hz
1451;1-hole;172.27 mm;1080x2388;Color IPS TFT LCD display;24 bit/pixel;LED;90 Hz
1452;1-hole;156 mm;1080x2400;Color AM-OLED display;24 bit/pixel;Self-illuminating;60 Hz
1453;2-hole;172.97 mm;1312x2848;Color AM-OLED display;30 bit/pixel;Self-illuminating;120 Hz
1454;1-hole;170 mm;1080x2388;Color IPS TFT LCD display;24 bit/pixel;LED;60 Hz
1455;1-hole;172.97 mm;1080x2388;Color IPS TFT LCD display;24 bit/pixel;LED;120 Hz
1456;1-hole;172.97 mm;1080x2388;Color IPS TFT LCD display;24 bit/pixel;LED;90 Hz
1457;1-hole;172.2 mm;1200x2652;Color AM-OLED display;30 bit/pixel;LED;120 Hz
1458;1-hole;172.97 mm;1224x2664;Color AM-OLED display;30 bit/pixel;Self-illuminating;120 Hz
1459;;169.4 mm;1080x2400;Color AM-OLED display;30 bit/pixel;LED;120 Hz
1460;;172.2 mm;720x1600;Color IPS TFT LCD display;24 bit/pixel;LED;60 Hz
1461;;172.2 mm;720x1600;Color IPS TFT LCD display;24 bit/pixel;LED;
1462;;180.1 mm;1080x2280;Color IPS TFT LCD display;24 bit/pixel;LED;120 Hz
1463;2-hole;169.42 mm;1080x2376;Color IPS TFT LCD display;24 bit/pixel;LED;120 Hz
1464;;167.5 mm;720x1600;Color IPS TFT LCD display;24 bit/pixel;LED;
1465;;165.8 mm;1080x2400;Color AM-OLED display;24 bit/pixel;Self-illuminating;
1466;;315 mm;2800x1752;Color AM-OLED display;24 bit/pixel;Yes;120 Hz
1467;;278.1 mm;2560x1600;Color IPS TFT LCD display;24 bit/pixel;LED;120 Hz
1468;;369.9 mm;2960x1848;Color AM-OLED display;24 bit/pixel;Yes;120 Hz
1469;1-hole;168.2 mm;1080x2400;Color AM-OLED display;24 bit/pixel;Self-illuminating;120 Hz
1470;1-hole;166.5 mm;1080x2376;Color AM-OLED display;30 bit/pixel;Self-illuminating;120 Hz
1471;;175.7 mm;1080x2460;Color AM-OLED display;30 bit/pixel;Self-illuminating;144 Hz
1472;1-hole;167 mm;1080x2412;Color IPS TFT LCD display;24 bit/pixel;LED;90 Hz
1473;1-hole;163.4 mm;1080x2400;Color AM-OLED display;30 bit/pixel;Self-illuminating;60 Hz
1474;1-hole;170 mm;1080x2400;Color IPS TFT LCD display;24 bit/pixel;Yes;90 Hz
1475;1-hole;166.5 mm;1080x2376;Color AM-OLED display;24 bit/pixel;Self-illuminating;90 Hz
1476;1-hole;166.6 mm;720x1612;Color IPS TFT LCD display;24 bit/pixel;LED;90 Hz
1477;;152 mm;1080x2520;Color AM-OLED display;24 bit/pixel;Self-illuminating;60 Hz
1478;;163.6 mm;1080x2400;Color AM-OLED display;24 bit/pixel;Self-illuminating;90 Hz
1479;;163.6 mm;1080x2400;Color AM-OLED display;24 bit/pixel;Self-illuminating;60 Hz
1480;;275.84 mm;1640x2360;Color IPS TFT LCD display;30 bit/pixel;LED;60 Hz
1481;;263.1 mm;2000x1200;Color IPS TFT LCD display;24 bit/pixel;LED;60 Hz
1482;;119.5 mm;750x1334;Color IPS TFT LCD display;30 bit/pixel;LED;60 Hz
1483;;166.6 mm;1080x2376;Color AM-OLED display;24 bit/pixel;Self-illuminating;120 Hz
1484;;138.43 mm;720x1440;Color IPS TFT LCD display;24 bit/pixel;LED;
1485;;139.7 mm;720x1440;Color TN-TFT LCD display;24 bit/pixel;Yes;
1486;;144.8 mm;720x1520;Color ASV TFT LCD display;24 bit/pixel;LED;
1487;1-hole;165.1 mm;1644x3840;Color AM-OLED display;24 bit/pixel;Self-illuminating;120 Hz
1488;;263.14 mm;2000x1200;Color IPS TFT LCD display;24 bit/pixel;LED;
1489;;165.35 mm;720x1600;Color IPS TFT LCD display;24 bit/pixel;LED;
1490;1-hole;163.32 mm;1080x2400;Color AM-OLED display;24 bit/pixel;Self-illuminating;60 Hz
1491;;155 mm;720x1560;Color IPS TFT LCD display;24 bit/pixel;Yes;
1492;1-hole;169.42 mm;1080x2400;Color IPS TFT LCD display;24 bit/pixel;Yes;
1493;1-hole;172.2 mm;1080x2400;Color IPS TFT LCD display;24 bit/pixel;LED;120 Hz
1494;1-hole;165.9 mm;1080x2340;Color IPS TFT LCD display;24 bit/pixel;LED;60 Hz
1495;1-hole;124.5 mm;1080x1920;Color IPS TFT LCD display;24 bit/pixel;LED;
1496;;243.4 mm;800x1280;Color TN-TFT LCD display;24 bit/pixel;Yes;
1497;;203.1 mm;800x1280;Color TN-TFT LCD display;24 bit/pixel;LED;
1498;;203.1 mm;800x1280;Color TN-TFT LCD display;24 bit/pixel;Yes;
1499;;178 mm;600x1024;Color TN-TFT LCD display;24 bit/pixel;Yes;
1500;;245.8 mm;768x1024;Color TN-TFT LCD display;24 bit/pixel;Yes;
1501;;142.5 mm;720x1480;Color AM-OLED display;24 bit/pixel;Self-illuminating;
1502;;126.4 mm;540x960;Color PLS TFT LCD display;24 bit/pixel;LED;
1503;1-hole;149.9 mm;1080x2400;Color AM-OLED display;30 bit/pixel;Self-illuminating;120 Hz
1504;;119.5 mm;540x960;Color AM-OLED display;24 bit/pixel;Self-illuminating;
1505;;100.8 mm;480x800;Color TN-TFT LCD display;18 bit/pixel;Yes;
1506;;138.8 mm;1080x1920;Color PLS TFT LCD display;24 bit/pixel;Yes;
1507;;126.4 mm;540x960;Color TN-TFT LCD display;24 bit/pixel;Yes;
1508;;100.8 mm;480x800;Color TN-TFT LCD display;24 bit/pixel;Yes;
1509;;162.1 mm;1080x2340;Color AM-OLED display;24 bit/pixel;Self-illuminating;
1510;;203.1 mm;768x1024;Color TN-TFT LCD display;24 bit/pixel;Yes;
1511;;127 mm;720x1280;Color IPS TFT LCD display;24 bit/pixel;Yes;
1512;1-hole;172.2 mm;1080x2460;Color IPS TFT LCD display;30 bit/pixel;LED;144 Hz
1513;1-hole;165.81 mm;720x1600;Color IPS TFT LCD display;24 bit/pixel;LED;90 Hz
1514;;163.57 mm;1080x2400;Color AM-OLED display;24 bit/pixel;LED;60 Hz
1515;1-hole;168 mm;1080x2400;Color AM-OLED display;24 bit/pixel;Self-illuminating;120 Hz
1516;1-hole;167.4 mm;1080x2412;Color TN-TFT LCD display;24 bit/pixel;Self-illuminating;120 Hz
1517;1-hole;172.72 mm;1080x2300;Color IPS TFT LCD display;24 bit/pixel;LED;
1518;1-hole;167.4 mm;1080x2412;Color IPS TFT LCD display;24 bit/pixel;Yes;120 Hz
1519;1-hole;172.7 mm;1080x2460;Color IPS TFT LCD display;24 bit/pixel;LED;90 Hz
1520;;261.6 mm;1920x1200;Color IPS TFT LCD display;24 bit/pixel;LED;
1521;;152.1 mm;480x960;Color IPS TFT LCD display;24 bit/pixel;LED;
1522;;163.6 mm;1080x2400;Color AM-OLED display;24 bit/pixel;Self-illuminating;
1523;1-hole;169.3 mm;1080x2400;Color IPS TFT LCD display;24 bit/pixel;LED;120 Hz
1524;;167.13 mm;1080x2408;Color IPS TFT LCD display;24 bit/pixel;LED;120 Hz
1525;;138.4 mm;720x1440;Color IPS TFT LCD display;24 bit/pixel;Yes;60 Hz
1526;1-hole;163.3 mm;1080x2400;Color AM-OLED display;30 bit/pixel;Self-illuminating;120 Hz
1527;1-hole;167.64 mm;1080x2400;Color IPS TFT LCD display;24 bit/pixel;LED;90 Hz
1528;;165.8 mm;720x1600;Color IPS TFT LCD display;24 bit/pixel;LED;
1529;;165.8 mm;720x1600;Color IPS TFT LCD display;24 bit/pixel;LED;60 Hz
1530;;173.2 mm;720x1560;Color IPS TFT LCD display;24 bit/pixel;LED;60 Hz
1531;;154.9 mm;1080x2520;Color AM-OLED display;30 bit/pixel;Self-illuminating;120 Hz
1532;;155 mm;1080x2400;Color IPS TFT LCD display;24 bit/pixel;Yes;60 Hz
1533;;127 mm;1080x1980;Color AM-OLED display;24 bit/pixel;Self-illuminating;
1534;;139.7 mm;1080x1920;Color IPS TFT LCD display;24 bit/pixel;Yes;
1535;1-hole;167.6 mm;1080x2340;Color AM-OLED display;30 bit/pixel;Self-illuminating;90 Hz
1536;1-hole;157.5 mm;1440x3200;Color AM-OLED display;24 bit/pixel;Self-illuminating;120 Hz
1537;1-hole;169.6 mm;1440x3200;Color AM-OLED display;30 bit/pixel;Self-illuminating;120 Hz
1538;;160 mm;1080x2340;Color IPS TFT LCD display;24 bit/pixel;LED;
1539;;129.54 mm;720x1520;Color AM-OLED display;;Self-illuminating;
1540;1-hole;169.4 mm;1080x2400;Color IPS TFT LCD display;24 bit/pixel;LED;60 Hz
1541;;162.3 mm;720x1600;Color AM-OLED display;24 bit/pixel;Self-illuminating;90 Hz
1542;1-hole;163.3 mm;1080x2400;Color AM-OLED display;24 bit/pixel;Self-illuminating;120 Hz
1543;;142.2 mm;1350x1800;Color AM-OLED display;24 bit/pixel;Self-illuminating;
1544;1-hole;167.6 mm;1080x2400;Color IPS TFT LCD display;24 bit/pixel;LED;60 Hz
1545;2-hole;169.42 mm;1080x2376;Color PLS TFT LCD display;24 bit/pixel;LED;120 Hz
1546;1-hole;169.4 mm;1080x2400;Color IPS TFT LCD display;24 bit/pixel;LED;
1547;;173.2 mm;720x1640;Color IPS TFT LCD display;24 bit/pixel;LED;
1548;1-hole;166.37 mm;1080x2400;Color AM-OLED display;24 bit/pixel;Self-illuminating;90 Hz
1549;;173.23 mm;720x1640;Color IPS TFT LCD display;24 bit/pixel;LED;
1550;;263.1 mm;2000x1200;Color IPS TFT LCD display;24 bit/pixel;LED;
1551;1-hole;160 mm;1080x2340;Color IPS TFT LCD display;24 bit/pixel;LED;
1552;;134.62 mm;720x1440;Color PLS TFT LCD display;24 bit/pixel;LED;
1553;;134.62 mm;720x1440;Color IPS TFT LCD display;24 bit/pixel;LED;
1554;;165.9 mm;1080x2340;Color IPS TFT LCD display;24 bit/pixel;LED;
1555;1-hole;167 mm;1080x2400;Color IPS TFT LCD display;24 bit/pixel;LED;120 Hz
1556;;279.4 mm;2000x1200;Color IPS TFT LCD display;24 bit/pixel;LED;90 Hz
1557;1-hole;166.6 mm;1080x2376;Color AM-OLED display;30 bit/pixel;Self-illuminating;120 Hz
1558;;278.6 mm;1600x2560;Color IPS TFT LCD display;30 bit/pixel;Yes;120 Hz
1559;1-hole;164.84 mm;1080x2400;Color IPS TFT LCD display;24 bit/pixel;LED;90 Hz
1560;;169.4 mm;1080x2400;Color AM-OLED display;30 bit/pixel;Self-illuminating;120 Hz
1561;1-hole;161 mm;1080x2400;Color AM-OLED display;24 bit/pixel;Self-illuminating;
1562;1-hole;168.15 mm;1080x2400;Color AM-OLED display;30 bit/pixel;Self-illuminating;120 Hz
1563;1-hole;168.2 mm;1080x2400;Color AM-OLED display;30 bit/pixel;Self-illuminating;120 Hz
1564;1-hole;180.4 mm;1920x1792;Color AM-OLED display;24 bit/pixel;Self-illuminating;120 Hz
1565;;266.7 mm;1920x1200;Color IPS TFT LCD display;24 bit/pixel;LED;
1566;;154.64 mm;720x1600;Color IPS TFT LCD display;24 bit/pixel;LED;
1567;;165.1 mm;1644x3840;Color AM-OLED display;24 bit/pixel;Self-illuminating;120 Hz
1568;;163.5 mm;1080x2400;Color AM-OLED display;24 bit/pixel;LED;
1569;;165.6 mm;720x1600;Color IPS TFT LCD display;24 bit/pixel;LED;
1570;1-hole;165.35 mm;720x1600;Color IPS TFT LCD display;24 bit/pixel;LED;
1571;1-hole;166.37 mm;720x1600;Color IPS TFT LCD display;24 bit/pixel;LED;
1572;1-hole;166.4 mm;720x1600;Color IPS TFT LCD display;24 bit/pixel;LED;
1573;;144.78 mm;1080x2160;Color IPS TFT LCD display;24 bit/pixel;Yes;
1574;1-hole;162 mm;1080x2400;Color AM-OLED display;24 bit/pixel;Self-illuminating;60 Hz
1575;;48.5 mm;402x476;Color AM-OLED display;24 bit/pixel;Self-illuminating;
1576;1-hole;165.1 mm;1080x2400;Color AM-OLED display;24 bit/pixel;Self-illuminating;90 Hz
1577;1-hole;166.4 mm;1080x2400;Color AM-OLED display;24 bit/pixel;Self-illuminating;90 Hz
1578;;210 mm;1488x2266;Color IPS TFT LCD display;24 bit/pixel;LED;
1579;;259 mm;1620x2160;Color IPS TFT LCD display;24 bit/pixel;LED;60 Hz
1580;;172.72 mm;1080x2400;Color AM-OLED display;24 bit/pixel;Self-illuminating;165 Hz
1581;1-hole;170 mm;1080x2400;Color ASV TFT LCD display;30 bit/pixel;LED;90 Hz
1582;;154.9 mm;1080x2432;Color AM-OLED display;30 bit/pixel;Self-illuminating;60 Hz
1583;;154.9 mm;1080x2400;Color IPS TFT LCD display;24 bit/pixel;Yes;60 Hz
1584;;163.5 mm;1080x2400;Color AM-OLED display;24 bit/pixel;Self-illuminating;
1585;;134.8 mm;720x1480;Color PLS TFT LCD display;24 bit/pixel;Yes;
1586;1-hole;165.1 mm;1080x2400;Color AM-OLED display;24 bit/pixel;Self-illuminating;120 Hz
1587;;162.5 mm;1080x2340;Color AM-OLED display;24 bit/pixel;Self-illuminating;
1588;;137 mm;1080x2340;Color AM-OLED display;30 bit/pixel;Self-illuminating;120 Hz
1589;;154 mm;1170x2532;Color AM-OLED display;30 bit/pixel;Self-illuminating;120 Hz
1590;;155 mm;1170x2532;Color AM-OLED display;30 bit/pixel;Self-illuminating;120 Hz
1591;;169.7 mm;1284x2778;Color AM-OLED display;30 bit/pixel;Self-illuminating;120 Hz
1592;1-hole;163.4 mm;1080x2400;Color AM-OLED display;24 bit/pixel;Self-illuminating;60 Hz
1593;;278.3 mm;2560x1600;Color IPS TFT LCD display;24 bit/pixel;LED;120 Hz
1594;;264 mm;2000x1200;Color IPS TFT LCD display;24 bit/pixel;LED;90 Hz
1595;;173.2 mm;720x1640;Color IPS TFT LCD display;24 bit/pixel;Yes;
1596;;165.6 mm;720x1600;Color IPS TFT LCD display;24 bit/pixel;Yes;60 Hz
1597;1-hole;169.42 mm;1080x2400;Color AM-OLED display;24 bit/pixel;Self-illuminating;60 Hz
1598;1-hole;165.5 mm;720x1600;Color IPS TFT LCD display;24 bit/pixel;LED;60 Hz
1599;1-hole;165.1 mm;1080x2400;Color IPS TFT LCD display;30 bit/pixel;LED;90 Hz
1600;;165.9 mm;720x1600;Color IPS TFT LCD display;24 bit/pixel;LED;
1601;1-hole;172.7 mm;720x1640;Color IPS TFT LCD display;24 bit/pixel;LED;
1602;1-hole;167.6 mm;720x1600;Color IPS TFT LCD display;24 bit/pixel;LED;60 Hz
1603;1-hole;172.5 mm;1080x2400;Color IPS TFT LCD display;24 bit/pixel;LED;
1604;1-hole;172.2 mm;1080x2460;Color AM-OLED display;24 bit/pixel;Self-illuminating;144 Hz
1605;2-hole;170 mm;1080x2520;Color IPS TFT LCD display;30 bit/pixel;LED;90 Hz
1606;1-hole;170 mm;1080x2400;Color AM-OLED display;30 bit/pixel;Self-illuminating;144 Hz
1607;;157.4 mm;876x2142;Color AM-OLED display;24 bit/pixel;Self-illuminating;
1608;;167.64 mm;720x1600;Color IPS TFT LCD display;24 bit/pixel;LED;
1609;1-hole;163.32 mm;1080x2400;Color AM-OLED display;30 bit/pixel;LED;120 Hz
1610;;165.4 mm;720x1600;Color IPS TFT LCD display;24 bit/pixel;LED;
1611;;154.9 mm;720x1560;Color IPS TFT LCD display;24 bit/pixel;LED;
1612;1-hole;172.2 mm;1080x2460;Color IPS TFT LCD display;30 bit/pixel;LED;120 Hz
1613;1-hole;169.4 mm;1080x2400;Color IPS TFT LCD display;24 bit/pixel;LED;90 Hz
1614;1-hole;169.4 mm;1080x2460;Color AM-OLED display;30 bit/pixel;Self-illuminating;144 Hz
1615;;256.54 mm;1280x800;Color IPS TFT LCD display;24 bit/pixel;Yes;
1616;;125.7 mm;480x960;Color TN-TFT LCD display;24 bit/pixel;Yes;
1617;;168.9 mm;1080x2340;Color AM-OLED display;30 bit/pixel;Self-illuminating;144 Hz
1618;;157.9 mm;720x1560;Color IPS TFT LCD display;24 bit/pixel;Yes;
1619;;154.94 mm;720x1560;Color IPS TFT LCD display;24 bit/pixel;Yes;
1620;;172.2 mm;1080x2448;Color AM-OLED display;30 bit/pixel;Self-illuminating;144 Hz
1621;;165.32 mm;720x1600;Color IPS TFT LCD display;24 bit/pixel;LED;60 Hz
1622;;203 mm;800x1280;Color IPS TFT LCD display;24 bit/pixel;LED;
1623;;165.6 mm;720x1520;Color IPS TFT LCD display;24 bit/pixel;LED;
1624;1-hole;166.87 mm;1080x2340;Color AM-OLED display;30 bit/pixel;LED;90 Hz
1625;;152.4 mm;1080x2520;Color AM-OLED display;24 bit/pixel;Self-illuminating;60 Hz
1626;;165.8 mm;1080x2400;Color AM-OLED display;24 bit/pixel;LED;
1627;;175.77 mm;1080x2460;Color AM-OLED display;30 bit/pixel;Self-illuminating;90 Hz
1628;2-hole;171.7 mm;1344x2772;Color AM-OLED display;30 bit/pixel;Self-illuminating;120 Hz
1629;1-hole;171.7 mm;1344x2772;Color AM-OLED display;30 bit/pixel;Self-illuminating;120 Hz
1630;1-hole;172.2 mm;1080x2388;Color PLS TFT LCD display;24 bit/pixel;LED;120 Hz
1631;;315 mm;2560x1600;Color IPS TFT LCD display;24 bit/pixel;LED;60 Hz
1632;;274 mm;2560x1600;Color IPS TFT LCD display;24 bit/pixel;LED;
1633;;264.2 mm;2000x1200;Color IPS TFT LCD display;24 bit/pixel;LED;
1634;1-hole;274.3 mm;2560x1600;Color IPS TFT LCD display;24 bit/pixel;LED;
1635;;138.43 mm;480x960;Color IPS TFT LCD display;24 bit/pixel;Yes;
1636;;144 mm;720x1440;Color IPS TFT LCD display;24 bit/pixel;LED;
1637;1-hole;165.9 mm;1080x2340;Color IPS TFT LCD display;24 bit/pixel;LED;
1638;;157.9 mm;720x1520;Color IPS TFT LCD display;24 bit/pixel;LED;
1639;;172.5 mm;1080x2460;Color IPS TFT LCD display;24 bit/pixel;LED;
1640;1-hole;162.56 mm;1080x2310;Color IPS TFT LCD display;24 bit/pixel;LED;
1641;1-hole;167.4 mm;720x1600;Color IPS TFT LCD display;24 bit/pixel;LED;
1642;;172.7 mm;1080x2460;Color AM-OLED display;24 bit/pixel;Self-illuminating;
1643;1-hole;169.4 mm;1080x2376;Color IPS TFT LCD display;24 bit/pixel;LED;
1644;;168.4 mm;1080x2400;Color IPS TFT LCD display;24 bit/pixel;LED;90 Hz
1645;1-hole;167.5 mm;1228x2700;Color AM-OLED display;30 bit/pixel;Self-illuminating;120 Hz
1646;;159 mm;720x1520;Color IPS TFT LCD display;24 bit/pixel;LED;
1647;;166.4 mm;720x1600;Color IPS TFT LCD display;24 bit/pixel;LED;
1648;1-hole;170.7 mm;1236x2676;Color AM-OLED display;30 bit/pixel;Self-illuminating;120 Hz
1649;1-hole;170 mm;1440x3216;Color AM-OLED display;30 bit/pixel;Self-illuminating;120 Hz
1650;1-hole;166.3 mm;1080x2400;Color AM-OLED display;30 bit/pixel;Self-illuminating;120 Hz
1651;1-hole;163.3 mm;1080x2400;Color AM-OLED display;30 bit/pixel;Self-illuminating;90 Hz
1652;;165.1 mm;720x1600;Color PLS TFT LCD display;24 bit/pixel;LED;60 Hz
1653;;167.7 mm;1080x2340;Color AM-OLED display;24 bit/pixel;Self-illuminating;60 Hz
1654;1-hole;162.4 mm;720x1560;Color PLS TFT LCD display;24 bit/pixel;LED;
1655;1-hole;165.1 mm;720x1600;Color IPS TFT LCD display;24 bit/pixel;LED;
1656;;148.08 mm;720x1560;Color PLS TFT LCD display;24 bit/pixel;LED;
1657;;162 mm;720x1560;Color AM-OLED display;24 bit/pixel;Self-illuminating;
1658;1-hole;169.5 mm;1080x2400;Color AM-OLED display;24 bit/pixel;Self-illuminating;60 Hz
1659;1-hole;169.5 mm;1080x2400;Color AM-OLED display;24 bit/pixel;Self-illuminating;
1660;1-hole;164 mm;1080x2400;Color AM-OLED display;24 bit/pixel;Self-illuminating;60 Hz
1661;;162.1 mm;1080x2340;Color AM-OLED display;24 bit/pixel;Self-illuminating;60 Hz
1662;1-hole;166.37 mm;1080x2400;Color AM-OLED display;30 bit/pixel;LED;120 Hz
1663;;127 mm;720x1280;Color IPS TFT LCD display;24 bit/pixel;LED;
1664;;144.8 mm;720x1520;Color IPS TFT LCD display;24 bit/pixel;LED;
1665;;165 mm;720x1560;Color IPS TFT LCD display;24 bit/pixel;LED;60 Hz
1666;;267.2 mm;2560x1600;Color AM-OLED display;24 bit/pixel;Self-illuminating;
1667;;220.9 mm;800x1340;Color PLS TFT LCD display;24 bit/pixel;LED;
1668;;263.1 mm;1200x2000;Color IPS TFT LCD display;24 bit/pixel;LED;
1669;;203.1 mm;1920x1200;Color PLS TFT LCD display;24 bit/pixel;Yes;120 Hz
1670;1-hole;169.5 mm;1440x3200;Color AM-OLED display;24 bit/pixel;Self-illuminating;120 Hz
1671;;162.1 mm;1080x2400;Color AM-OLED display;24 bit/pixel;Self-illuminating;
1672;1-hole;166.3 mm;720x1600;Color PLS TFT LCD display;24 bit/pixel;LED;
1673;;167.7 mm;1080x2340;Color AM-OLED display;24 bit/pixel;Self-illuminating;
1674;1-hole;158.4 mm;1080x2400;Color AM-OLED display;24 bit/pixel;Self-illuminating;120 Hz
1675;;267.2 mm;1200x1920;Color IPS TFT LCD display;24 bit/pixel;Yes;
1676;;263.1 mm;2000x1200;Color PLS TFT LCD display;24 bit/pixel;LED;
1677;1-hole;167.5 mm;1080x2408;Color IPS TFT LCD display;24 bit/pixel;LED;120 Hz
1678;1-hole;170.1 mm;1080x2636;Color AM-OLED display;24 bit/pixel;Self-illuminating;
1679;1-hole;169.5 mm;1080x2400;Color AM-OLED display;24 bit/pixel;Self-illuminating;90 Hz
1680;1-hole;164 mm;1080x2400;Color AM-OLED display;24 bit/pixel;Self-illuminating;
1681;;139.5 mm;720x1280;Color AM-OLED display;24 bit/pixel;Self-illuminating;
1682;;139.3 mm;1080x1920;Color AM-OLED display;24 bit/pixel;Self-illuminating;
1683;;131.8 mm;720x1280;Color AM-OLED display;24 bit/pixel;Self-illuminating;
1684;;152.6 mm;720x1480;Color IPS TFT LCD display;24 bit/pixel;LED;
1685;;158 mm;720x1520;Color IPS TFT LCD display;24 bit/pixel;LED;
1686;;153.6 mm;1080x2220;Color AM-OLED display;24 bit/pixel;Self-illuminating;
1687;;164.9 mm;720x1560;Color IPS TFT LCD display;24 bit/pixel;LED;
1688;1-hole;170.2 mm;1080x2400;Color IPS TFT LCD display;24 bit/pixel;LED;60 Hz
1689;;126.4 mm;540x960;Color AM-OLED display;24 bit/pixel;Self-illuminating;
1690;;153.6 mm;720x1480;Color AM-OLED display;24 bit/pixel;Self-illuminating;
1691;;158 mm;720x1520;Color TN-TFT LCD display;24 bit/pixel;LED;
1692;;165.5 mm;720x1600;Color PLS TFT LCD display;24 bit/pixel;Yes;
1693;;142.2 mm;1080x2220;Color IPS TFT LCD display;24 bit/pixel;Yes;
1694;;142.2 mm;1080x2220;Color AM-OLED display;24 bit/pixel;Self-illuminating;
1695;;170.3 mm;1080x2400;Color AM-OLED display;24 bit/pixel;Self-illuminating;
1696;;139.5 mm;720x1280;Color TN-TFT LCD display;24 bit/pixel;LED;
1697;;148.2 mm;720x1560;Color PLS TFT LCD display;24 bit/pixel;LED;
1698;1-hole;173.23 mm;720x1640;Color IPS TFT LCD display;24 bit/pixel;LED;
1699;;125.73 mm;480x960;Color TN-TFT LCD display;24 bit/pixel;LED;
1700;;157.48 mm;720x1520;Color IPS TFT LCD display;24 bit/pixel;LED;
1701;;165.1 mm;720x1560;Color IPS TFT LCD display;24 bit/pixel;LED;
1702;;267.2 mm;1600x2560;Color AM-OLED display;24 bit/pixel;Self-illuminating;
1703;;203.1 mm;800x1280;Color IPS TFT LCD display;24 bit/pixel;LED;
1704;;220.5 mm;800x1340;Color PLS TFT LCD display;24 bit/pixel;LED;
1705;;255.4 mm;1200x1920;Color IPS TFT LCD display;24 bit/pixel;LED;
1706;1-hole;165.6 mm;720x1600;Color IPS TFT LCD display;24 bit/pixel;LED;
1707;;212.6 mm;1920x1200;Color PLS TFT LCD display;24 bit/pixel;Yes;
1708;;158.1 mm;816x2260;Color AM-OLED display;24 bit/pixel;Self-illuminating;120 Hz
1709;;138.4 mm;720x1440;Color TN-TFT LCD display;24 bit/pixel;Yes;
1710;1-hole;174.4 mm;1440x3200;Color AM-OLED display;24 bit/pixel;Self-illuminating;120 Hz
1711;;203 mm;2480x2200;Color AM-OLED display;24 bit/pixel;Self-illuminating;90 Hz
1712;;169.42 mm;1080x2400;Color AM-OLED display;30 bit/pixel;Self-illuminating;90 Hz
1713;;139.7 mm;720x1496;Color IPS TFT LCD display;24 bit/pixel;LED;
1714;1-hole;165 mm;1080x2340;Color IPS TFT LCD display;24 bit/pixel;LED;60 Hz
1715;;165.1 mm;1644x3840;Color AM-OLED display;30 bit/pixel;Self-illuminating;
1716;;143.3 mm;1080x2160;Color IPS TFT LCD display;24 bit/pixel;LED;
1717;1-hole;203.5 mm;1860x2480;Color AM-OLED display;30 bit/pixel;Self-illuminating;60 Hz
1718;1-hole;166.37 mm;1080x2400;Color AM-OLED display;30 bit/pixel;Self-illuminating;90 Hz
1719;1-hole;169.41 mm;1080x2340;Color AM-OLED display;24 bit/pixel;Self-illuminating;90 Hz
1720;;166.9 mm;1080x2400;Color AM-OLED display;24 bit/pixel;Self-illuminating;
1721;1-hole;173 mm;1440x3200;Color AM-OLED display;30 bit/pixel;Self-illuminating;120 Hz
1722;1-hole;172.97 mm;1440x3200;Color AM-OLED display;30 bit/pixel;Self-illuminating;120 Hz
1723;;152.4 mm;1080x2160;Color IPS TFT LCD display;24 bit/pixel;LED;
1724;;152.4 mm;1080x2520;Color IPS TFT LCD display;24 bit/pixel;LED;
1725;;165.8 mm;1080x2340;Color IPS TFT LCD display;24 bit/pixel;LED;
1726;1-hole;154.9 mm;1080x2340;Color AM-OLED display;24 bit/pixel;Self-illuminating;60 Hz
1727;;169.4 mm;1080x2400;Color IPS TFT LCD display;24 bit/pixel;Yes;
1728;1-hole;157.5 mm;1440x3200;Color AM-OLED display;30 bit/pixel;Self-illuminating;120 Hz
1729;1-hole;154.94 mm;720x1560;Color IPS TFT LCD display;24 bit/pixel;Yes;
1730;;164.33 mm;1080x2340;Color AM-OLED display;24 bit/pixel;Self-illuminating;
1731;;147.32 mm;1080x2280;Color ASV TFT LCD display;30 bit/pixel;LED;
1732;;162.3 mm;1080x2340;Color AM-OLED display;24 bit/pixel;Self-illuminating;
1733;;149.3 mm;720x1520;Color IPS TFT LCD display;24 bit/pixel;LED;
1734;;132 mm;720x1280;Color TN-TFT LCD display;24 bit/pixel;LED;
1735;;144 mm;720x1512;Color IPS TFT LCD display;24 bit/pixel;LED;
1736;;138.4 mm;720x1440;Color IPS TFT LCD display;24 bit/pixel;LED;
1737;1-hole;170.2 mm;1080x2340;Color AM-OLED display;30 bit/pixel;Self-illuminating;90 Hz
1738;1-hole;162.5 mm;1080x2300;Color IPS TFT LCD display;24 bit/pixel;LED;
1739;1-hole;166.3 mm;900x1600;Color IPS TFT LCD display;24 bit/pixel;LED;
1740;1-hole;162.56 mm;720x1560;Color IPS TFT LCD display;24 bit/pixel;LED;
1741;;225.55 mm;1080x1440;Color IPS TFT LCD display;24 bit/pixel;LED;
1742;;203.2 mm;1200x1920;Color IPS TFT LCD display;24 bit/pixel;LED;
1743;;254 mm;1920x1200;Color IPS TFT LCD display;24 bit/pixel;LED;
1744;1-hole;162.6 mm;1080x2400;Color AM-OLED display;24 bit/pixel;LED;
1745;;165.9 mm;1080x2340;Color IPS TFT LCD display;24 bit/pixel;LED;60 Hz
1746;1-hole;165.86 mm;1080x2340;Color IPS TFT LCD display;24 bit/pixel;LED;60 Hz
1747;1-hole;169.4 mm;1080x2340;Color AM-OLED display;24 bit/pixel;Self-illuminating;90 Hz
1748;1-hole;169.4 mm;1080x2400;Color IPS TFT LCD display;30 bit/pixel;LED;144 Hz
1749;1-hole;169.4 mm;1080x2400;Color IPS TFT LCD display;24 bit/pixel;LED;120 Hz
1750;;158 mm;720x1520;Color IPS TFT LCD display;24 bit/pixel;Yes;
1751;1-hole;169.4 mm;1080x2340;Color AM-OLED display;30 bit/pixel;Self-illuminating;90 Hz
1752;;165.1 mm;720x1600;Color PLS TFT LCD display;24 bit/pixel;LED;
1753;1-hole;165.1 mm;1080x2400;Color IPS TFT LCD display;24 bit/pixel;LED;
1754;2-hole;170.2 mm;1080x2520;Color IPS TFT LCD display;24 bit/pixel;LED;90 Hz
1755;1-hole;163.3 mm;1080x2400;Color AM-OLED display;24 bit/pixel;Self-illuminating;60 Hz
1756;;162.6 mm;1080x2400;Color AM-OLED display;30 bit/pixel;Self-illuminating;60 Hz
1757;1-hole;165.1 mm;720x1600;Color IPS TFT LCD display;24 bit/pixel;LED;60 Hz
1758;;157.9 mm;720x1520;Color IPS TFT LCD display;24 bit/pixel;Yes;
1759;1-hole;166.87 mm;1080x2340;Color AM-OLED display;30 bit/pixel;Self-illuminating;90 Hz
1760;1-hole;167.1 mm;1080x2640;Color AM-OLED display;30 bit/pixel;Self-illuminating;90 Hz
1761;;139 mm;1080x1920;Color IPS TFT LCD display;24 bit/pixel;LED;
1762;;119.5 mm;750x1334;Color IPS TFT LCD display;24 bit/pixel;LED;
1763;;137.67 mm;1080x2340;Color AM-OLED display;30 bit/pixel;Self-illuminating;60 Hz
1764;;153.92 mm;1170x2532;Color AM-OLED display;30 bit/pixel;Self-illuminating;60 Hz
1765;;169.4 mm;1080x2400;Color AM-OLED display;30 bit/pixel;Self-illuminating;90 Hz
1766;1-hole;165.1 mm;1080x2400;Color IPS TFT LCD display;24 bit/pixel;LED;120 Hz
1767;;162.3 mm;1080x2340;Color AM-OLED display;30 bit/pixel;Self-illuminating;
1768;;180 mm;1440x3120;Color AM-OLED display;30 bit/pixel;Self-illuminating;90 Hz
1769;;279.4 mm;2000x1200;Color IPS TFT LCD display;24 bit/pixel;LED;
1770;;292 mm;2560x1600;Color IPS TFT LCD display;24 bit/pixel;LED;
1771;;138.43 mm;720x1440;Color IPS TFT LCD display;24 bit/pixel;Yes;
1772;1-hole;162.3 mm;720x1560;Color IPS TFT LCD display;24 bit/pixel;LED;
1773;;164.34 mm;1080x2340;Color AM-OLED display;24 bit/pixel;Self-illuminating;
1774;;256.54 mm;1920x1200;Color IPS TFT LCD display;24 bit/pixel;Yes;
1775;;161.5 mm;720x1544;Color IPS TFT LCD display;24 bit/pixel;LED;
1776;1-hole;162.6 mm;1080x2400;Color AM-OLED display;24 bit/pixel;LED;90 Hz
1777;1-hole;162.6 mm;1080x2400;Color AM-OLED display;24 bit/pixel;Self-illuminating;60 Hz
1778;;169.7 mm;1284x2772;Color AM-OLED display;30 bit/pixel;Self-illuminating;60 Hz
1779;;163.6 mm;1080x2400;Color AM-OLED display;30 bit/pixel;Self-illuminating;60 Hz
1780;;274.32 mm;2560x1600;Color IPS TFT LCD display;24 bit/pixel;Yes;
1781;2-hole;163.4 mm;1080x2400;Color AM-OLED display;24 bit/pixel;Self-illuminating;60 Hz
1782;;294.6 mm;1920x1080;Color IPS TFT LCD display;24 bit/pixel;Yes;
1783;;152.1 mm;720x1440;Color IPS TFT LCD display;24 bit/pixel;Yes;
1784;;127 mm;480x854;Color TN-TFT LCD display;24 bit/pixel;Yes;
1785;;152.4 mm;480x960;Color IPS TFT LCD display;24 bit/pixel;Yes;
1786;;138.43 mm;480x960;Color TN-TFT LCD display;24 bit/pixel;Yes;
1787;;152.1 mm;480x960;Color IPS TFT LCD display;24 bit/pixel;Yes;
1788;;159 mm;1080x2280;Color IPS TFT LCD display;24 bit/pixel;LED;
1789;1-hole;166.4 mm;720x1600;Color IPS TFT LCD display;24 bit/pixel;Yes;
1790;;165.8 mm;1080x2400;Color AM-OLED display;24 bit/pixel;LED;60 Hz
1791;;165.86 mm;1176x2400;Color AM-OLED display;30 bit/pixel;Self-illuminating;
1792;;203 mm;1920x1200;Color IPS TFT LCD display;24 bit/pixel;LED;
1793;1-hole;160 mm;1080x2280;Color AM-OLED display;24 bit/pixel;Self-illuminating;
1794;1-hole;166.9 mm;1080x2400;Color IPS TFT LCD display;24 bit/pixel;LED;120 Hz
1795;;91 mm;720x1280;Color IPS TFT LCD display;24 bit/pixel;LED;
1796;1-hole;173 mm;1080x2400;Color IPS TFT LCD display;24 bit/pixel;LED;60 Hz
1797;1-hole;167.1 mm;1080x2640;Color AM-OLED display;24 bit/pixel;Self-illuminating;90 Hz
1798;;147.3 mm;720x1560;Color PLS TFT LCD display;24 bit/pixel;LED;
1799;;180.8 mm;1080x2244;Color IPS TFT LCD display;24 bit/pixel;LED;
1800;;180.84 mm;1080x2244;Color IPS TFT LCD display;24 bit/pixel;LED;
1801;;167.4 mm;1080x2340;Color IPS TFT LCD display;24 bit/pixel;LED;
1802;;160 mm;1080x2400;Color AM-OLED display;24 bit/pixel;LED;
1803;;154.7 mm;720x1560;Color IPS TFT LCD display;24 bit/pixel;LED;
1804;;165.1 mm;1080x2340;Color IPS TFT LCD display;24 bit/pixel;LED;
1805;1-hole;163.6 mm;1080x2400;Color AM-OLED display;30 bit/pixel;Self-illuminating;
1806;1-hole;165.9 mm;1080x2400;Color AM-OLED display;24 bit/pixel;Self-illuminating;
1807;1-hole;166.9 mm;1080x2340;Color AM-OLED display;24 bit/pixel;Self-illuminating;60 Hz
1808;1-hole;166.9 mm;1080x2340;Color AM-OLED display;24 bit/pixel;Self-illuminating;90 Hz
1809;;165.1 mm;720x1600;Color IPS TFT LCD display;24 bit/pixel;Yes;
1810;1-hole;166.88 mm;1080x2400;Color IPS TFT LCD display;24 bit/pixel;LED;
1811;1-hole;172.97 mm;1080x2400;Color IPS TFT LCD display;24 bit/pixel;LED;
1812;;165.1 mm;720x1584;Color IPS TFT LCD display;24 bit/pixel;LED;
1813;1-hole;165.8 mm;1080x2340;Color IPS TFT LCD display;24 bit/pixel;LED;60 Hz
1814;;165 mm;720x1560;Color IPS TFT LCD display;24 bit/pixel;LED;
1815;1-hole;166.62 mm;1080x2376;Color AM-OLED display;30 bit/pixel;Self-illuminating;90 Hz
1816;;163.7 mm;1080x2400;Color AM-OLED display;24 bit/pixel;Self-illuminating;
1817;;152.4 mm;1080x2520;Color AM-OLED display;24 bit/pixel;Self-illuminating;
1818;;162.56 mm;1080x2340;Color AM-OLED display;30 bit/pixel;Self-illuminating;240 Hz
1819;1-hole;158 mm;1080x2340;Color AM-OLED display;24 bit/pixel;Self-illuminating;
1820;1-hole;147.6 mm;1080x2340;Color AM-OLED display;24 bit/pixel;Self-illuminating;
1821;1-hole;151 mm;1080x2340;Color AM-OLED display;24 bit/pixel;Self-illuminating;90 Hz
1822;;275.84 mm;1640x2360;Color IPS TFT LCD display;30 bit/pixel;LED;
1823;1-hole;174.5 mm;1440x3088;Color AM-OLED display;24 bit/pixel;Self-illuminating;120 Hz
1824;;177.8 mm;720x1640;Color IPS TFT LCD display;24 bit/pixel;LED;
1825;1-hole;172 mm;720x1640;Color IPS TFT LCD display;24 bit/pixel;LED;60 Hz
1826;1-hole;167.64 mm;720x1600;Color IPS TFT LCD display;24 bit/pixel;LED;
1827;;157.98 mm;720x1520;Color IPS TFT LCD display;24 bit/pixel;Yes;
1828;;158 mm;720x1560;Color IPS TFT LCD display;24 bit/pixel;LED;
1829;1-hole;172.9 mm;1080x2400;Color IPS TFT LCD display;24 bit/pixel;LED;
1830;;166 mm;1080x2340;Color IPS TFT LCD display;24 bit/pixel;Yes;
1831;2-hole;175.26 mm;1080x2460;Color IPS TFT LCD display;24 bit/pixel;LED;90 Hz
1832;1-hole;167.6 mm;720x1600;Color IPS TFT LCD display;24 bit/pixel;LED;
1833;;161.3 mm;720x1544;Color IPS TFT LCD display;24 bit/pixel;LED;
1834;;127 mm;1080x1920;Color IPS TFT LCD display;24 bit/pixel;Yes;
1835;;157.48 mm;720x1520;Color IPS TFT LCD display;24 bit/pixel;Yes;
1836;;172.7 mm;1080x2400;Color IPS TFT LCD display;24 bit/pixel;LED;
1837;;162 mm;1080x2340;Color AM-OLED display;24 bit/pixel;Self-illuminating;
1838;;162.6 mm;1080x2340;Color AM-OLED display;24 bit/pixel;Self-illuminating;
1839;1-hole;164.34 mm;720x1560;Color IPS TFT LCD display;24 bit/pixel;LED;
1840;;157.91 mm;720x1560;Color IPS TFT LCD display;24 bit/pixel;Yes;
1841;;160 mm;1080x2400;Color AM-OLED display;24 bit/pixel;Self-illuminating;60 Hz
1842;;172.7 mm;1080x2460;Color AM-OLED display;30 bit/pixel;Self-illuminating;
1843;;169.42 mm;1080x2400;Color AM-OLED display;30 bit/pixel;Self-illuminating;120 Hz
1844;1-hole;169.4 mm;1080x2340;Color AM-OLED display;30 bit/pixel;Self-illuminating;120 Hz
1845;1-hole;166 mm;1080x2400;Color AM-OLED display;24 bit/pixel;Self-illuminating;90 Hz
1846;;167.39 mm;1080x2340;Color AM-OLED display;30 bit/pixel;Self-illuminating;144 Hz
1847;1-hole;167.6 mm;720x1600;Color IPS TFT LCD display;24 bit/pixel;Yes;
1848;1-hole;163.6 mm;1080x2400;Color AM-OLED display;30 bit/pixel;Self-illuminating;90 Hz
1849;1-hole;166.62 mm;1080x2376;Color AM-OLED display;24 bit/pixel;Self-illuminating;90 Hz
1850;1-hole;165.1 mm;1080x2340;Color IPS TFT LCD display;24 bit/pixel;Yes;
1851;1-hole;166.88 mm;1080x2408;Color IPS TFT LCD display;24 bit/pixel;LED;120 Hz
1852;1-hole;165.8 mm;1080x2340;Color IPS TFT LCD display;24 bit/pixel;LED;
1853;;138.43 mm;720x1440;Color TN-TFT LCD display;24 bit/pixel;Yes;
1854;;246.4 mm;1280x800;Color IPS TFT LCD display;24 bit/pixel;LED;
1855;;157.73 mm;1080x2340;Color IPS TFT LCD display;24 bit/pixel;LED;
1856;1-hole;165.86 mm;1080x2340;Color IPS TFT LCD display;30 bit/pixel;LED;
1857;;157.9 mm;720x1520;Color PLS TFT LCD display;24 bit/pixel;LED;
1858;1-hole;162.5 mm;1080x2310;Color IPS TFT LCD display;24 bit/pixel;LED;
1859;1-hole;166.9 mm;1080x2400;Color AM-OLED display;30 bit/pixel;Self-illuminating;
1860;1-hole;166.9 mm;1080x2340;Color AM-OLED display;30 bit/pixel;Self-illuminating;
1861;1-hole;162.5 mm;720x1560;Color IPS TFT LCD display;24 bit/pixel;LED;
1862;2-hole;162.6 mm;1080x2400;Color AM-OLED display;24 bit/pixel;Self-illuminating;
1863;1-hole;166 mm;1080x2400;Color AM-OLED display;30 bit/pixel;Self-illuminating;90 Hz
1864;2-hole;167.64 mm;1080x2400;Color IPS TFT LCD display;24 bit/pixel;LED;120 Hz
1865;;113.7 mm;1080x1620;Color IPS TFT LCD display;24 bit/pixel;LED;
1866;1-hole;172.72 mm;1080x2400;Color IPS TFT LCD display;24 bit/pixel;Yes;
1867;;165.1 mm;1440x3168;Color ASV TFT LCD display;24 bit/pixel;LED;120 Hz
1868;1-hole;165.86 mm;1080x2340;Color IPS TFT LCD display;24 bit/pixel;LED;
1869;;164.84 mm;720x1560;Color IPS TFT LCD display;24 bit/pixel;LED;
1870;;41.91 mm;348x442;Color AM-OLED display;24 bit/pixel;Self-illuminating;
1871;1-hole;163.6 mm;1080x2400;Color AM-OLED display;24 bit/pixel;Self-illuminating;
1872;2-hole;166.9 mm;1080x2400;Color IPS TFT LCD display;24 bit/pixel;LED;120 Hz
1873;2-hole;163.6 mm;1080x2400;Color AM-OLED display;30 bit/pixel;Self-illuminating;90 Hz
1874;2-hole;166.4 mm;1080x2400;Color IPS TFT LCD display;24 bit/pixel;LED;90 Hz
1875;;203.2 mm;800x1280;Color IPS TFT LCD display;24 bit/pixel;LED;
1876;;144.8 mm;720x1520;Color PLS TFT LCD display;24 bit/pixel;LED;
1877;1-hole;158.3 mm;1440x3200;Color AM-OLED display;24 bit/pixel;Self-illuminating;120 Hz
1878;;164.3 mm;1080x2340;Color AM-OLED display;30 bit/pixel;Self-illuminating;
1879;;165.6 mm;540x1200;Color IPS TFT LCD display;24 bit/pixel;Yes;
1880;;157.7 mm;720x1520;Color IPS TFT LCD display;24 bit/pixel;Yes;
1881;1-hole;165 mm;1080x2400;Color AM-OLED display;30 bit/pixel;Self-illuminating;90 Hz
1882;;162.56 mm;720x1560;Color IPS TFT LCD display;24 bit/pixel;LED;
1883;;139.7 mm;720x1440;Color IPS TFT LCD display;24 bit/pixel;Yes;
1884;1-hole;163.6 mm;1080x2400;Color AM-OLED display;30 bit/pixel;Self-illuminating;60 Hz
1885;1-hole;166.87 mm;1080x2408;Color IPS TFT LCD display;30 bit/pixel;LED;144 Hz
1886;;139.7 mm;720x1280;Color IPS TFT LCD display;24 bit/pixel;Yes;
1887;;157.5 mm;720x1680;Color IPS TFT LCD display;24 bit/pixel;LED;
1888;;160 mm;1080x2280;Color IPS TFT LCD display;24 bit/pixel;LED;
1889;;164.34 mm;1080x2340;Color AM-OLED display;30 bit/pixel;Self-illuminating;
1890;;169.4 mm;1080x2400;Color AM-OLED display;30 bit/pixel;Self-illuminating;60 Hz
1891;2-hole;169.4 mm;1080x2400;Color IPS TFT LCD display;24 bit/pixel;LED;120 Hz
1892;;154.94 mm;1080x2400;Color AM-OLED display;24 bit/pixel;Self-illuminating;
1893;1-hole;170.18 mm;1080x2340;Color AM-OLED display;24 bit/pixel;Self-illuminating;
1894;;125.73 mm;480x960;Color TN-TFT LCD display;24 bit/pixel;Yes;
1895;;157.48 mm;480x966;Color IPS TFT LCD display;24 bit/pixel;Yes;
1896;;162.3 mm;1080x2400;Color IPS TFT LCD display;24 bit/pixel;LED;
1897;1-hole;166.4 mm;1080x2400;Color AM-OLED display;30 bit/pixel;Self-illuminating;90 Hz
1898;1-hole;172.2 mm;1440x3168;Color AM-OLED display;30 bit/pixel;Self-illuminating;120 Hz
1899;;32.5 mm;176x176;Color TN-TFT LCD display;;LED;
1900;;139.7 mm;1080x2160;Color ASV TFT LCD display;24 bit/pixel;Yes;
1901;;165.86 mm;1080x2340;Color IPS TFT LCD display;24 bit/pixel;Self-illuminating;
1902;1-hole;167.64 mm;720x1600;Color IPS TFT LCD display;24 bit/pixel;Yes;
1903;;154.94 mm;1440x3120;Color PM-OLED display;24 bit/pixel;LED;
1904;;162.6 mm;720x1600;Color IPS TFT LCD display;24 bit/pixel;LED;
1905;;164.3 mm;1080x2340;Color AM-OLED display;24 bit/pixel;Self-illuminating;60 Hz
1906;1-hole;162.6 mm;1080x2400;Color AM-OLED display;30 bit/pixel;Self-illuminating;90 Hz
1907;1-hole;176.5 mm;720x1640;Color IPS TFT LCD display;24 bit/pixel;LED;
1908;;127 mm;480x854;Color IPS TFT LCD display;24 bit/pixel;Yes;
1909;1-hole;165 mm;1080x2340;Color IPS TFT LCD display;24 bit/pixel;LED;
1910;1-hole;166.9 mm;1080x2400;Color IPS TFT LCD display;30 bit/pixel;LED;
1911;;162.56 mm;1080x2400;Yes;24 bit/pixel;Yes;
1912;1-hole;170 mm;1440x3168;Color AM-OLED display;30 bit/pixel;Self-illuminating;120 Hz
1913;;157.5 mm;876x2142;Color AM-OLED display;24 bit/pixel;Self-illuminating;
1914;;144 mm;480x960;Color IPS TFT LCD display;24 bit/pixel;LED;
1915;;145 mm;720x1520;Color IPS TFT LCD display;24 bit/pixel;Yes;
1916;;256.54 mm;1920x1200;Color ASV TFT LCD display;24 bit/pixel;LED;
1917;;40.64 mm;320x360;Color AM-OLED display;24 bit/pixel;Self-illuminating;
1918;;175 mm;1080x2256;Color AM-OLED display;24 bit/pixel;Self-illuminating;
1919;;33 mm;360x360;Color AM-OLED display;24 bit/pixel;Self-illuminating;
1920;2-hole;163 mm;1080x2400;Color AM-OLED display;24 bit/pixel;Self-illuminating;
1921;;203 mm;2480x2200;Color AM-OLED display;30 bit/pixel;Self-illuminating;
1922;;165.86 mm;720x1560;Color IPS TFT LCD display;24 bit/pixel;Yes;
1923;1-hole;159 mm;1080x2340;Color IPS TFT LCD display;24 bit/pixel;LED;
1924;;132 mm;1080x1920;Color TN-TFT LCD display;24 bit/pixel;Yes;
1925;;167.6 mm;720x1600;Color IPS TFT LCD display;24 bit/pixel;LED;
1926;;167.5 mm;720x1600;Color IPS TFT LCD display;24 bit/pixel;Yes;
1927;;162.56 mm;1080x2340;Color AM-OLED display;24 bit/pixel;Self-illuminating;120 Hz
1928;;157.5 mm;720x1500;Color IPS TFT LCD display;24 bit/pixel;LED;
1929;;157.2 mm;720x1520;Color IPS TFT LCD display;24 bit/pixel;Yes;
1930;;152.4 mm;720x1440;Color IPS TFT LCD display;24 bit/pixel;LED;
1931;;157.91 mm;720x1520;Color IPS TFT LCD display;24 bit/pixel;LED;
1932;;154.6 mm;1440x3120;Color AM-OLED display;30 bit/pixel;Self-illuminating;
1933;;157.5 mm;720x1500;Color IPS TFT LCD display;24 bit/pixel;Yes;
1934;1-hole;166.88 mm;1080x2400;Color IPS TFT LCD display;30 bit/pixel;LED;
1935;;160 mm;720x1520;Color IPS TFT LCD display;24 bit/pixel;LED;
1936;;86.36 mm;480x854;Color TN-TFT LCD display;24 bit/pixel;Yes;
1937;;177.8 mm;1024x600;Color TN-TFT LCD display;24 bit/pixel;Yes;
1938;;177.8 mm;600x1024;Color TN-TFT LCD display;24 bit/pixel;Yes;
1939;;138.43 mm;480x960;Color IPS TFT LCD display;24 bit/pixel;LED;
1940;;157 mm;720x1520;Color IPS TFT LCD display;24 bit/pixel;LED;
1941;;135.63 mm;480x960;Color IPS TFT LCD display;24 bit/pixel;Yes;
1942;;156.14 mm;480x960;Color IPS TFT LCD display;24 bit/pixel;Yes;
1943;;159 mm;720x1520;Color TN-TFT LCD display;24 bit/pixel;LED;
1944;;152.1 mm;720x1440;Color IPS TFT LCD display;24 bit/pixel;LED;
1945;;152.14 mm;480x960;Color IPS TFT LCD display;24 bit/pixel;LED;
1946;;157.45 mm;1080x2160;Color IPS TFT LCD display;24 bit/pixel;LED;
1947;;116.84 mm;1430x1438;Color IPS TFT LCD display;24 bit/pixel;Yes;
1948;;135.63 mm;480x960;Color IPS TFT LCD display;24 bit/pixel;LED;
1949;;261.62 mm;1920x1200;Color IPS TFT LCD display;24 bit/pixel;LED;
1950;;172.7 mm;640x1352;Color IPS TFT LCD display;24 bit/pixel;LED;
1951;;135.89 mm;480x960;Color IPS TFT LCD display;24 bit/pixel;LED;
1952;;62.23 mm;240x432;Color IPS TFT LCD display;24 bit/pixel;Yes;
1953;;145.1 mm;720x1520;Color PLS TFT LCD display;24 bit/pixel;Yes;
1954;;162.3 mm;1080x2340;Color IPS TFT LCD display;24 bit/pixel;LED;
1955;;157.5 mm;720x1520;Color IPS TFT LCD display;24 bit/pixel;LED;
1956;;138.5 mm;720x1440;Color IPS TFT LCD display;24 bit/pixel;LED;
1957;;148.8 mm;720x1520;Color IPS TFT LCD display;24 bit/pixel;LED;
1958;;144.8 mm;720x1440;Color IPS TFT LCD display;24 bit/pixel;LED;
1959;;144 mm;720x1440;Color IPS TFT LCD display;24 bit/pixel;Yes;
1960;;156.97 mm;1080x2246;Color IPS TFT LCD display;24 bit/pixel;Yes;
1961;;114.3 mm;480x845;Color IPS TFT LCD display;24 bit/pixel;Yes;
1962;;152.4 mm;1080x2160;Color IPS TFT LCD display;24 bit/pixel;Yes;
1963;;144.8 mm;1080x2160;Color IPS TFT LCD display;24 bit/pixel;LED;
1964;;45.2 mm;368x448;Color AM-OLED display;24 bit/pixel;Self-illuminating;
1965;;164.84 mm;720x1560;Color IPS TFT LCD display;24 bit/pixel;Self-illuminating;
1966;;157.7 mm;1080x2248;Color AM-OLED display;24 bit/pixel;Self-illuminating;
1967;;152.6 mm;1080x2160;Color AM-OLED display;24 bit/pixel;Self-illuminating;
1968;;114.3 mm;480x854;Color TN-TFT LCD display;24 bit/pixel;Yes;
1969;;177.8 mm;600x1024;Color IPS TFT LCD display;24 bit/pixel;Yes;
1970;;177.3 mm;600x1024;Color TN-TFT LCD display;16 bit/pixel;Yes;
1971;;144.8 mm;720x1520;Color IPS TFT LCD display;24 bit/pixel;Yes;
1972;;154.63 mm;720x1560;Color IPS TFT LCD display;24 bit/pixel;LED;
1973;;135.6 mm;480x960;Color TN-TFT LCD display;24 bit/pixel;Yes;
1974;;148.3 mm;1080x2280;Color IPS TFT LCD display;24 bit/pixel;LED;
1975;;157.48 mm;1080x2246;Color IPS TFT LCD display;24 bit/pixel;LED;61 Hz
1976;;139.7 mm;720x1280;Color TN-TFT LCD display;24 bit/pixel;Yes;
1977;;154.9 mm;600x1280;Color IPS TFT LCD display;24 bit/pixel;Yes;
1978;;160 mm;1080x2280;Color IPS TFT LCD display;24 bit/pixel;Yes;
1979;;152.65 mm;1080x2160;Color AM-OLED display;24 bit/pixel;Self-illuminating;
1980;;149.86 mm;720x1560;Color TN-TFT LCD display;24 bit/pixel;;
1981;;143.5 mm;1080x2160;Color IPS TFT LCD display;24 bit/pixel;LED;
1982;;152.14 mm;1080x2160;Color IPS TFT LCD display;24 bit/pixel;Yes;
1983;;139.7 mm;480x960;Color IPS TFT LCD display;24 bit/pixel;Yes;
1984;;152.15 mm;1080x2160;Color IPS TFT LCD display;24 bit/pixel;Yes;
1985;;152.1 mm;1080x2160;Color IPS TFT LCD display;24 bit/pixel;Yes;
1986;1-hole;170.3 mm;1080x2400;Color AM-OLED display;24 bit/pixel;Self-illuminating;
1987;;156.9 mm;1080x2246;Color IPS TFT LCD display;24 bit/pixel;Yes;
1988;;149.8 mm;1080x2246;Color IPS TFT LCD display;24 bit/pixel;Yes;
1989;;38.1 mm;390x390;Color AM-OLED display;24 bit/pixel;Self-illuminating;
1990;;152.1 mm;1080x2160;Color AM-OLED display;24 bit/pixel;Self-illuminating;
1991;;170.18 mm;1080x2280;Color IPS TFT LCD display;24 bit/pixel;Yes;
1992;;162.6 mm;1080x2400;Color AM-OLED display;24 bit/pixel;Self-illuminating;120 Hz
1993;;157.48 mm;2160x3840;Color AM-OLED display;24 bit/pixel;Self-illuminating;
1994;;162.4 mm;1080x2340;Color AM-OLED display;30 bit/pixel;Self-illuminating;
1995;;154.7 mm;1440x3120;Color IPS TFT LCD display;24 bit/pixel;LED;
1996;;213 mm;1600x2560;Color IPS TFT LCD display;24 bit/pixel;LED;
1997;;116.3 mm;720x1680;Color AM-OLED display;24 bit/pixel;Self-illuminating;
1998;;162.5 mm;1080x2400;Color AM-OLED display;24 bit/pixel;Self-illuminating;
1999;;157.5 mm;1080x2232;Color AM-OLED display;30 bit/pixel;Self-illuminating;
2000;;127 mm;720x1440;Color IPS TFT LCD display;24 bit/pixel;Yes;